2026-02-16 18:31:02,243 [INFO] ----- Session start -----
2026-02-16 18:31:02,243 [INFO] Process start. pid=11032 argv=['.\\Create-MateBookWin11Usb.py'] cwd=D:\GitHub Projects\matebook-pro-usb-creator exe=C:\Users\georg\AppData\Local\Microsoft\WindowsApps\PythonSoftwareFoundation.Python.3.13_qbz5n2kfra8p0\python.exe
2026-02-16 18:31:02,244 [INFO] Administrative privileges detected: False
2026-02-16 18:31:02,244 [INFO] Requesting UAC elevation. Executable=C:\Users\georg\AppData\Local\Microsoft\WindowsApps\PythonSoftwareFoundation.Python.3.13_qbz5n2kfra8p0\python.exe Script=D:\GitHub Projects\matebook-pro-usb-creator\Create-MateBookWin11Usb.py Cwd=D:\GitHub Projects\matebook-pro-usb-creator
2026-02-16 18:31:04,834 [INFO] Elevation requested successfully. Exiting unelevated parent process.
2026-02-16 18:31:05,091 [INFO] ----- Session start -----
2026-02-16 18:31:05,091 [INFO] Process start. pid=34868 argv=['D:\\GitHub Projects\\matebook-pro-usb-creator\\Create-MateBookWin11Usb.py'] cwd=D:\GitHub Projects\matebook-pro-usb-creator exe=C:\Users\georg\AppData\Local\Microsoft\WindowsApps\PythonSoftwareFoundation.Python.3.13_qbz5n2kfra8p0\python.exe
2026-02-16 18:31:05,092 [INFO] Administrative privileges detected: True
2026-02-16 18:31:05,171 [ERROR] Fatal startup/runtime error in GUI.
Traceback (most recent call last):
  File "D:\GitHub Projects\matebook-pro-usb-creator\Create-MateBookWin11Usb.py", line 1264, in main
    MateBookUsbCreatorApp(root)
    ~~~~~~~~~~~~~~~~~~~~~^^^^^^
  File "D:\GitHub Projects\matebook-pro-usb-creator\Create-MateBookWin11Usb.py", line 1016, in __init__
    self._build_ui()
    ~~~~~~~~~~~~~~^^
  File "D:\GitHub Projects\matebook-pro-usb-creator\Create-MateBookWin11Usb.py", line 1058, in _build_ui
    self.progress = ttk.Progressbar(content, mode="determinate", minimum=0, maximum=100)
                    ~~~~~~~~~~~~~~~^^^^^^^^^^^^^^^^^^^^^^^^^^^^^^^^^^^^^^^^^^^^^^^^^^^^^
  File "C:\Program Files\WindowsApps\PythonSoftwareFoundation.Python.3.13_3.13.3312.0_x64__qbz5n2kfra8p0\Lib\tkinter\ttk.py", line 992, in __init__
    Widget.__init__(self, master, "ttk::progressbar", kw)
    ~~~~~~~~~~~~~~~^^^^^^^^^^^^^^^^^^^^^^^^^^^^^^^^^^^^^^
  File "C:\Program Files\WindowsApps\PythonSoftwareFoundation.Python.3.13_3.13.3312.0_x64__qbz5n2kfra8p0\Lib\tkinter\ttk.py", line 534, in __init__
    tkinter.Widget.__init__(self, master, widgetname, kw=kw)
    ~~~~~~~~~~~~~~~~~~~~~~~^^^^^^^^^^^^^^^^^^^^^^^^^^^^^^^^^
  File "C:\Program Files\WindowsApps\PythonSoftwareFoundation.Python.3.13_3.13.3312.0_x64__qbz5n2kfra8p0\Lib\tkinter\__init__.py", line 2791, in __init__
    self.tk.call(
    ~~~~~~~~~~~~^
        (widgetName, self._w) + extra + self._options(cnf))
        ^^^^^^^^^^^^^^^^^^^^^^^^^^^^^^^^^^^^^^^^^^^^^^^^^^^
_tkinter.TclError: unknown option "-minimum"
2026-02-16 18:31:39,149 [INFO] ----- Session start -----
2026-02-16 18:31:39,150 [INFO] Process start. pid=33000 argv=['.\\Create-MateBookWin11Usb.py'] cwd=D:\GitHub Projects\matebook-pro-usb-creator exe=C:\Users\georg\AppData\Local\Microsoft\WindowsApps\PythonSoftwareFoundation.Python.3.13_qbz5n2kfra8p0\python.exe
2026-02-16 18:31:39,150 [INFO] Administrative privileges detected: False
2026-02-16 18:31:39,150 [INFO] Requesting UAC elevation. Executable=C:\Users\georg\AppData\Local\Microsoft\WindowsApps\PythonSoftwareFoundation.Python.3.13_qbz5n2kfra8p0\python.exe Script=D:\GitHub Projects\matebook-pro-usb-creator\Create-MateBookWin11Usb.py Cwd=D:\GitHub Projects\matebook-pro-usb-creator
2026-02-16 18:31:41,730 [INFO] Elevation requested successfully. Exiting unelevated parent process.
2026-02-16 18:31:41,979 [INFO] ----- Session start -----
2026-02-16 18:31:41,979 [INFO] Process start. pid=12704 argv=['D:\\GitHub Projects\\matebook-pro-usb-creator\\Create-MateBookWin11Usb.py'] cwd=D:\GitHub Projects\matebook-pro-usb-creator exe=C:\Users\georg\AppData\Local\Microsoft\WindowsApps\PythonSoftwareFoundation.Python.3.13_qbz5n2kfra8p0\python.exe
2026-02-16 18:31:41,980 [INFO] Administrative privileges detected: True
2026-02-16 18:31:42,071 [INFO] Running command: powershell.exe -NoProfile -ExecutionPolicy Bypass -Command 
    $items = @()
    Get-Partition | Where-Object { $_.DriveLetter } | Sort-Object DriveLetter | ForEach-Object {
        try {
            $disk = Get-Disk -Number $_.DiskNumber -ErrorAction Stop
            if ($disk.BusType -ne 'USB') { return }
            $volume = Get-Volume -DriveLetter $_.DriveLetter -ErrorAction SilentlyContinue
            $label = if ($volume -and $volume.FileSystemLabel) { $volume.FileSystemLabel } else { 'NoLabel' }
            $model = if ($disk.FriendlyName) { $disk.FriendlyName } else { 'USB Drive' }
            $items += [PSCustomObject]@{
                DriveLetter = [string]$_.DriveLetter
                SizeGB = [Math]::Round(($_.Size / 1GB), 1)
                Label = $label
                Model = $model
            }
        }
        catch {}
    }
    $items | ConvertTo-Json -Compress
    
2026-02-16 18:31:50,229 [INFO] Command completed with exit code 0: powershell.exe -NoProfile -ExecutionPolicy Bypass -Command 
    $items = @()
    Get-Partition | Where-Object { $_.DriveLetter } | Sort-Object DriveLetter | ForEach-Object {
        try {
            $disk = Get-Disk -Number $_.DiskNumber -ErrorAction Stop
            if ($disk.BusType -ne 'USB') { return }
            $volume = Get-Volume -DriveLetter $_.DriveLetter -ErrorAction SilentlyContinue
            $label = if ($volume -and $volume.FileSystemLabel) { $volume.FileSystemLabel } else { 'NoLabel' }
            $model = if ($disk.FriendlyName) { $disk.FriendlyName } else { 'USB Drive' }
            $items += [PSCustomObject]@{
                DriveLetter = [string]$_.DriveLetter
                SizeGB = [Math]::Round(($_.Size / 1GB), 1)
                Label = $label
                Model = $model
            }
        }
        catch {}
    }
    $items | ConvertTo-Json -Compress
    
2026-02-16 18:31:50,229 [INFO] GUI created successfully. Entering Tk main loop.
2026-02-16 18:32:01,033 [INFO] Worker thread started. iso_path=C:\Users\georg\Downloads\Win11_25H2_EnglishInternational_x64.iso drivers_path=D:\Matebook Drivers drive_letter=E
2026-02-16 18:32:01,040 [INFO] USB creation started. iso_path=C:\Users\georg\Downloads\Win11_25H2_EnglishInternational_x64.iso drivers_path=D:\Matebook Drivers target_drive=E: work_root=C:\Users\georg\AppData\Local\Temp\MateBookUsbCreator_ydvnnakl
2026-02-16 18:32:01,056 [INFO] Running command: dism.exe /Cleanup-Wim
2026-02-16 18:32:01,270 [INFO] Command completed with exit code 0: dism.exe /Cleanup-Wim
2026-02-16 18:32:01,271 [INFO] USB creation cleanup finished.
2026-02-16 18:32:01,272 [ERROR] Worker thread failed.
Traceback (most recent call last):
  File "D:\GitHub Projects\matebook-pro-usb-creator\Create-MateBookWin11Usb.py", line 1177, in _run_creation_worker
    invoke_usb_creation(
    ~~~~~~~~~~~~~~~~~~~^
        iso_path=iso_path,
        ^^^^^^^^^^^^^^^^^^
    ...<2 lines>...
        on_progress=progress_callback,
        ^^^^^^^^^^^^^^^^^^^^^^^^^^^^^^
    )
    ^
  File "D:\GitHub Projects\matebook-pro-usb-creator\Create-MateBookWin11Usb.py", line 839, in invoke_usb_creation
    raise RuntimeError(f"No .inf driver packages found under: {drivers_path}")
RuntimeError: No .inf driver packages found under: D:\Matebook Drivers
2026-02-16 18:32:23,838 [INFO] ----- Session start -----
2026-02-16 18:32:23,838 [INFO] Process start. pid=8136 argv=['.\\Create-MateBookWin11Usb.py'] cwd=D:\GitHub Projects\matebook-pro-usb-creator exe=C:\Users\georg\AppData\Local\Microsoft\WindowsApps\PythonSoftwareFoundation.Python.3.13_qbz5n2kfra8p0\python.exe
2026-02-16 18:32:23,838 [INFO] Administrative privileges detected: False
2026-02-16 18:32:23,839 [INFO] Requesting UAC elevation. Executable=C:\Users\georg\AppData\Local\Microsoft\WindowsApps\PythonSoftwareFoundation.Python.3.13_qbz5n2kfra8p0\python.exe Script=D:\GitHub Projects\matebook-pro-usb-creator\Create-MateBookWin11Usb.py Cwd=D:\GitHub Projects\matebook-pro-usb-creator
2026-02-16 18:32:25,996 [INFO] Elevation requested successfully. Exiting unelevated parent process.
2026-02-16 18:32:26,250 [INFO] ----- Session start -----
2026-02-16 18:32:26,250 [INFO] Process start. pid=40272 argv=['D:\\GitHub Projects\\matebook-pro-usb-creator\\Create-MateBookWin11Usb.py'] cwd=D:\GitHub Projects\matebook-pro-usb-creator exe=C:\Users\georg\AppData\Local\Microsoft\WindowsApps\PythonSoftwareFoundation.Python.3.13_qbz5n2kfra8p0\python.exe
2026-02-16 18:32:26,250 [INFO] Administrative privileges detected: True
2026-02-16 18:32:26,330 [INFO] Running command: powershell.exe -NoProfile -ExecutionPolicy Bypass -Command 
    $items = @()
    Get-Partition | Where-Object { $_.DriveLetter } | Sort-Object DriveLetter | ForEach-Object {
        try {
            $disk = Get-Disk -Number $_.DiskNumber -ErrorAction Stop
            if ($disk.BusType -ne 'USB') { return }
            $volume = Get-Volume -DriveLetter $_.DriveLetter -ErrorAction SilentlyContinue
            $label = if ($volume -and $volume.FileSystemLabel) { $volume.FileSystemLabel } else { 'NoLabel' }
            $model = if ($disk.FriendlyName) { $disk.FriendlyName } else { 'USB Drive' }
            $items += [PSCustomObject]@{
                DriveLetter = [string]$_.DriveLetter
                SizeGB = [Math]::Round(($_.Size / 1GB), 1)
                Label = $label
                Model = $model
            }
        }
        catch {}
    }
    $items | ConvertTo-Json -Compress
    
2026-02-16 18:32:28,378 [INFO] Tk main loop exited normally.
2026-02-16 18:32:34,160 [INFO] Command completed with exit code 0: powershell.exe -NoProfile -ExecutionPolicy Bypass -Command 
    $items = @()
    Get-Partition | Where-Object { $_.DriveLetter } | Sort-Object DriveLetter | ForEach-Object {
        try {
            $disk = Get-Disk -Number $_.DiskNumber -ErrorAction Stop
            if ($disk.BusType -ne 'USB') { return }
            $volume = Get-Volume -DriveLetter $_.DriveLetter -ErrorAction SilentlyContinue
            $label = if ($volume -and $volume.FileSystemLabel) { $volume.FileSystemLabel } else { 'NoLabel' }
            $model = if ($disk.FriendlyName) { $disk.FriendlyName } else { 'USB Drive' }
            $items += [PSCustomObject]@{
                DriveLetter = [string]$_.DriveLetter
                SizeGB = [Math]::Round(($_.Size / 1GB), 1)
                Label = $label
                Model = $model
            }
        }
        catch {}
    }
    $items | ConvertTo-Json -Compress
    
2026-02-16 18:32:34,161 [INFO] GUI created successfully. Entering Tk main loop.
2026-02-16 18:32:38,453 [INFO] Worker thread started. iso_path=C:\Users\georg\Downloads\Win11_25H2_EnglishInternational_x64.iso drivers_path=D:\Matebook Drivers drive_letter=E
2026-02-16 18:32:38,458 [INFO] USB creation started. iso_path=C:\Users\georg\Downloads\Win11_25H2_EnglishInternational_x64.iso drivers_path=D:\Matebook Drivers target_drive=E: work_root=C:\Users\georg\AppData\Local\Temp\MateBookUsbCreator_ifrhlnq8
2026-02-16 18:32:38,473 [INFO] Running command: dism.exe /Cleanup-Wim
2026-02-16 18:32:38,685 [INFO] Command completed with exit code 0: dism.exe /Cleanup-Wim
2026-02-16 18:32:38,686 [INFO] USB creation cleanup finished.
2026-02-16 18:32:38,686 [ERROR] Worker thread failed.
Traceback (most recent call last):
  File "D:\GitHub Projects\matebook-pro-usb-creator\Create-MateBookWin11Usb.py", line 1177, in _run_creation_worker
    invoke_usb_creation(
    ~~~~~~~~~~~~~~~~~~~^
        iso_path=iso_path,
        ^^^^^^^^^^^^^^^^^^
    ...<2 lines>...
        on_progress=progress_callback,
        ^^^^^^^^^^^^^^^^^^^^^^^^^^^^^^
    )
    ^
  File "D:\GitHub Projects\matebook-pro-usb-creator\Create-MateBookWin11Usb.py", line 839, in invoke_usb_creation
    raise RuntimeError(f"No .inf driver packages found under: {drivers_path}")
RuntimeError: No .inf driver packages found under: D:\Matebook Drivers
2026-02-16 18:33:11,267 [INFO] Tk main loop exited normally.
2026-02-16 18:38:41,859 [INFO] ----- Session start -----
2026-02-16 18:38:41,859 [INFO] Process start. pid=9036 argv=['.\\Create-MateBookWin11Usb.py'] cwd=D:\GitHub Projects\matebook-pro-usb-creator exe=C:\Users\georg\AppData\Local\Microsoft\WindowsApps\PythonSoftwareFoundation.Python.3.13_qbz5n2kfra8p0\python.exe
2026-02-16 18:38:41,859 [INFO] Administrative privileges detected: False
2026-02-16 18:38:41,859 [INFO] Requesting UAC elevation. Executable=C:\Users\georg\AppData\Local\Microsoft\WindowsApps\PythonSoftwareFoundation.Python.3.13_qbz5n2kfra8p0\python.exe Script=D:\GitHub Projects\matebook-pro-usb-creator\Create-MateBookWin11Usb.py Cwd=D:\GitHub Projects\matebook-pro-usb-creator
2026-02-16 18:38:44,731 [INFO] Elevation requested successfully. Exiting unelevated parent process.
2026-02-16 18:38:45,086 [INFO] ----- Session start -----
2026-02-16 18:38:45,086 [INFO] Process start. pid=7004 argv=['D:\\GitHub Projects\\matebook-pro-usb-creator\\Create-MateBookWin11Usb.py'] cwd=D:\GitHub Projects\matebook-pro-usb-creator exe=C:\Users\georg\AppData\Local\Microsoft\WindowsApps\PythonSoftwareFoundation.Python.3.13_qbz5n2kfra8p0\python.exe
2026-02-16 18:38:45,086 [INFO] Administrative privileges detected: True
2026-02-16 18:38:45,164 [INFO] Running command: powershell.exe -NoProfile -ExecutionPolicy Bypass -Command 
    $items = @()
    Get-Partition | Where-Object { $_.DriveLetter } | Sort-Object DriveLetter | ForEach-Object {
        try {
            $disk = Get-Disk -Number $_.DiskNumber -ErrorAction Stop
            if ($disk.BusType -ne 'USB') { return }
            $volume = Get-Volume -DriveLetter $_.DriveLetter -ErrorAction SilentlyContinue
            $label = if ($volume -and $volume.FileSystemLabel) { $volume.FileSystemLabel } else { 'NoLabel' }
            $model = if ($disk.FriendlyName) { $disk.FriendlyName } else { 'USB Drive' }
            $items += [PSCustomObject]@{
                DriveLetter = [string]$_.DriveLetter
                SizeGB = [Math]::Round(($_.Size / 1GB), 1)
                Label = $label
                Model = $model
            }
        }
        catch {}
    }
    $items | ConvertTo-Json -Compress
    
2026-02-16 18:38:52,485 [INFO] Command completed with exit code 0: powershell.exe -NoProfile -ExecutionPolicy Bypass -Command 
    $items = @()
    Get-Partition | Where-Object { $_.DriveLetter } | Sort-Object DriveLetter | ForEach-Object {
        try {
            $disk = Get-Disk -Number $_.DiskNumber -ErrorAction Stop
            if ($disk.BusType -ne 'USB') { return }
            $volume = Get-Volume -DriveLetter $_.DriveLetter -ErrorAction SilentlyContinue
            $label = if ($volume -and $volume.FileSystemLabel) { $volume.FileSystemLabel } else { 'NoLabel' }
            $model = if ($disk.FriendlyName) { $disk.FriendlyName } else { 'USB Drive' }
            $items += [PSCustomObject]@{
                DriveLetter = [string]$_.DriveLetter
                SizeGB = [Math]::Round(($_.Size / 1GB), 1)
                Label = $label
                Model = $model
            }
        }
        catch {}
    }
    $items | ConvertTo-Json -Compress
    
2026-02-16 18:38:52,486 [INFO] GUI created successfully. Entering Tk main loop.
2026-02-16 18:38:57,093 [INFO] Worker thread started. iso_path=C:\Users\georg\Downloads\Win11_25H2_EnglishInternational_x64.iso drivers_path=D:\Matebook Drivers drive_letter=E
2026-02-16 18:38:57,095 [INFO] USB creation started. iso_path=C:\Users\georg\Downloads\Win11_25H2_EnglishInternational_x64.iso drivers_path=D:\Matebook Drivers target_drive=E: work_root=C:\Users\georg\AppData\Local\Temp\MateBookUsbCreator_ryz9uuel
2026-02-16 18:38:57,126 [INFO] Extracting 15 driver zip archive(s) into: C:\Users\georg\AppData\Local\Temp\MateBookDriverZipExtract_vzq2iod8
2026-02-16 18:39:00,281 [INFO] Running command: dism.exe /Cleanup-Wim
2026-02-16 18:39:00,492 [INFO] Command completed with exit code 0: dism.exe /Cleanup-Wim
2026-02-16 18:39:00,604 [INFO] USB creation cleanup finished.
2026-02-16 18:39:00,604 [ERROR] Worker thread failed.
Traceback (most recent call last):
  File "D:\GitHub Projects\matebook-pro-usb-creator\Create-MateBookWin11Usb.py", line 1337, in _run_creation_worker
    def progress_callback(percent: int, message: str) -> None:
        ^^^^^^^^^^^^^^^^^^^^^^^^^^^^^^^^^^^^^^^^^^^^^^^^^^^^^^
    ...<4 lines>...
            "Worker thread started. "
    
  File "D:\GitHub Projects\matebook-pro-usb-creator\Create-MateBookWin11Usb.py", line 981, in invoke_usb_creation
    source_root=effective_drivers_root,
    ^^^^^^^^^^^^^^^^^^^^^^^^^^^^^^^^^^^
    ...<3 lines>...
    percent=4,
    
RuntimeError: Driver packages are installer EXEs (no .inf files yet). Install 7-Zip and ensure `7z.exe` is in PATH, then retry so the tool can auto-extract, or manually extract each EXE to folders that contain .inf files.
2026-02-16 18:39:15,920 [INFO] Tk main loop exited normally.
2026-02-16 18:45:19,665 [INFO] ----- Session start -----
2026-02-16 18:45:19,666 [INFO] Process start. pid=27024 argv=['.\\Create-MateBookWin11Usb.py'] cwd=D:\GitHub Projects\matebook-pro-usb-creator exe=C:\Users\georg\AppData\Local\Microsoft\WindowsApps\PythonSoftwareFoundation.Python.3.13_qbz5n2kfra8p0\python.exe
2026-02-16 18:45:19,666 [INFO] Administrative privileges detected: False
2026-02-16 18:45:19,666 [INFO] Requesting UAC elevation. Executable=C:\Users\georg\AppData\Local\Microsoft\WindowsApps\PythonSoftwareFoundation.Python.3.13_qbz5n2kfra8p0\python.exe Script=D:\GitHub Projects\matebook-pro-usb-creator\Create-MateBookWin11Usb.py Cwd=D:\GitHub Projects\matebook-pro-usb-creator
2026-02-16 18:45:25,280 [INFO] Elevation requested successfully. Exiting unelevated parent process.
2026-02-16 18:45:25,616 [INFO] ----- Session start -----
2026-02-16 18:45:25,616 [INFO] Process start. pid=35156 argv=['D:\\GitHub Projects\\matebook-pro-usb-creator\\Create-MateBookWin11Usb.py'] cwd=D:\GitHub Projects\matebook-pro-usb-creator exe=C:\Users\georg\AppData\Local\Microsoft\WindowsApps\PythonSoftwareFoundation.Python.3.13_qbz5n2kfra8p0\python.exe
2026-02-16 18:45:25,617 [INFO] Administrative privileges detected: True
2026-02-16 18:45:25,705 [INFO] Running command: powershell.exe -NoProfile -ExecutionPolicy Bypass -Command 
    $items = @()
    Get-Partition | Where-Object { $_.DriveLetter } | Sort-Object DriveLetter | ForEach-Object {
        try {
            $disk = Get-Disk -Number $_.DiskNumber -ErrorAction Stop
            if ($disk.BusType -ne 'USB') { return }
            $volume = Get-Volume -DriveLetter $_.DriveLetter -ErrorAction SilentlyContinue
            $label = if ($volume -and $volume.FileSystemLabel) { $volume.FileSystemLabel } else { 'NoLabel' }
            $model = if ($disk.FriendlyName) { $disk.FriendlyName } else { 'USB Drive' }
            $items += [PSCustomObject]@{
                DriveLetter = [string]$_.DriveLetter
                SizeGB = [Math]::Round(($_.Size / 1GB), 1)
                Label = $label
                Model = $model
            }
        }
        catch {}
    }
    $items | ConvertTo-Json -Compress
    
2026-02-16 18:45:33,309 [INFO] Command completed with exit code 0: powershell.exe -NoProfile -ExecutionPolicy Bypass -Command 
    $items = @()
    Get-Partition | Where-Object { $_.DriveLetter } | Sort-Object DriveLetter | ForEach-Object {
        try {
            $disk = Get-Disk -Number $_.DiskNumber -ErrorAction Stop
            if ($disk.BusType -ne 'USB') { return }
            $volume = Get-Volume -DriveLetter $_.DriveLetter -ErrorAction SilentlyContinue
            $label = if ($volume -and $volume.FileSystemLabel) { $volume.FileSystemLabel } else { 'NoLabel' }
            $model = if ($disk.FriendlyName) { $disk.FriendlyName } else { 'USB Drive' }
            $items += [PSCustomObject]@{
                DriveLetter = [string]$_.DriveLetter
                SizeGB = [Math]::Round(($_.Size / 1GB), 1)
                Label = $label
                Model = $model
            }
        }
        catch {}
    }
    $items | ConvertTo-Json -Compress
    
2026-02-16 18:45:33,310 [INFO] GUI created successfully. Entering Tk main loop.
2026-02-16 18:45:42,210 [INFO] Tk main loop exited normally.
2026-02-16 18:47:40,151 [INFO] ----- Session start -----
2026-02-16 18:47:40,151 [INFO] Process start. pid=29428 argv=['.\\Create-MateBookWin11Usb.py'] cwd=D:\GitHub Projects\matebook-pro-usb-creator exe=C:\Users\georg\AppData\Local\Microsoft\WindowsApps\PythonSoftwareFoundation.Python.3.13_qbz5n2kfra8p0\python.exe
2026-02-16 18:47:40,152 [INFO] Administrative privileges detected: False
2026-02-16 18:47:40,152 [INFO] Requesting UAC elevation. Executable=C:\Users\georg\AppData\Local\Microsoft\WindowsApps\PythonSoftwareFoundation.Python.3.13_qbz5n2kfra8p0\python.exe Script=D:\GitHub Projects\matebook-pro-usb-creator\Create-MateBookWin11Usb.py Cwd=D:\GitHub Projects\matebook-pro-usb-creator
2026-02-16 18:47:41,670 [INFO] Elevation requested successfully. Exiting unelevated parent process.
2026-02-16 18:47:41,950 [INFO] ----- Session start -----
2026-02-16 18:47:41,950 [INFO] Process start. pid=33440 argv=['D:\\GitHub Projects\\matebook-pro-usb-creator\\Create-MateBookWin11Usb.py'] cwd=D:\GitHub Projects\matebook-pro-usb-creator exe=C:\Users\georg\AppData\Local\Microsoft\WindowsApps\PythonSoftwareFoundation.Python.3.13_qbz5n2kfra8p0\python.exe
2026-02-16 18:47:41,950 [INFO] Administrative privileges detected: True
2026-02-16 18:47:42,035 [INFO] Running command: powershell.exe -NoProfile -ExecutionPolicy Bypass -Command 
    $items = @()
    Get-Partition | Where-Object { $_.DriveLetter } | Sort-Object DriveLetter | ForEach-Object {
        try {
            $disk = Get-Disk -Number $_.DiskNumber -ErrorAction Stop
            if ($disk.BusType -ne 'USB') { return }
            $volume = Get-Volume -DriveLetter $_.DriveLetter -ErrorAction SilentlyContinue
            $label = if ($volume -and $volume.FileSystemLabel) { $volume.FileSystemLabel } else { 'NoLabel' }
            $model = if ($disk.FriendlyName) { $disk.FriendlyName } else { 'USB Drive' }
            $items += [PSCustomObject]@{
                DriveLetter = [string]$_.DriveLetter
                SizeGB = [Math]::Round(($_.Size / 1GB), 1)
                Label = $label
                Model = $model
            }
        }
        catch {}
    }
    $items | ConvertTo-Json -Compress
    
2026-02-16 18:47:49,334 [INFO] Command completed with exit code 0: powershell.exe -NoProfile -ExecutionPolicy Bypass -Command 
    $items = @()
    Get-Partition | Where-Object { $_.DriveLetter } | Sort-Object DriveLetter | ForEach-Object {
        try {
            $disk = Get-Disk -Number $_.DiskNumber -ErrorAction Stop
            if ($disk.BusType -ne 'USB') { return }
            $volume = Get-Volume -DriveLetter $_.DriveLetter -ErrorAction SilentlyContinue
            $label = if ($volume -and $volume.FileSystemLabel) { $volume.FileSystemLabel } else { 'NoLabel' }
            $model = if ($disk.FriendlyName) { $disk.FriendlyName } else { 'USB Drive' }
            $items += [PSCustomObject]@{
                DriveLetter = [string]$_.DriveLetter
                SizeGB = [Math]::Round(($_.Size / 1GB), 1)
                Label = $label
                Model = $model
            }
        }
        catch {}
    }
    $items | ConvertTo-Json -Compress
    
2026-02-16 18:47:49,335 [INFO] GUI created successfully. Entering Tk main loop.
2026-02-16 18:47:54,429 [INFO] Worker thread started. iso_path=C:\Users\georg\Downloads\Win11_25H2_EnglishInternational_x64.iso drivers_path=D:\Matebook Drivers drive_letter=E
2026-02-16 18:47:54,431 [INFO] USB creation started. iso_path=C:\Users\georg\Downloads\Win11_25H2_EnglishInternational_x64.iso drivers_path=D:\Matebook Drivers target_drive=E: work_root=C:\Users\georg\AppData\Local\Temp\MateBookUsbCreator_qacl2c4k
2026-02-16 18:47:54,462 [INFO] Extracting 15 driver zip archive(s) into: C:\Users\georg\AppData\Local\Temp\MateBookDriverZipExtract_mxlza0k5
2026-02-16 18:47:59,158 [INFO] Using 7-Zip at D:\GitHub Projects\matebook-pro-usb-creator\tools\7zip-portable\7z.exe to extract 15 EXE installer(s).
2026-02-16 18:47:59,159 [INFO] Running command: D:\GitHub Projects\matebook-pro-usb-creator\tools\7zip-portable\7z.exe x -y -oC:\Users\georg\AppData\Local\Temp\MateBookDriverExeExtract_231c98w0\exe_extracted\HUAWEI Matebook X Pro Core Ultra Premium Edition_AICamera-DMFTDriver_1.0.0.11\HUAWEI Matebook X Pro Core Ultra Premium Edition_AICamera-DMFTDriver_1.0.0.11\HUAWEI Matebook X Pro Core Ultra Premium Edition_AICamera-DMFTDriver_1.0.0.11\AICamera-DMFTDriver_1.0.0.11 C:\Users\georg\AppData\Local\Temp\MateBookDriverZipExtract_mxlza0k5\HUAWEI Matebook X Pro Core Ultra Premium Edition_AICamera-DMFTDriver_1.0.0.11\HUAWEI Matebook X Pro Core Ultra Premium Edition_AICamera-DMFTDriver_1.0.0.11\HUAWEI Matebook X Pro Core Ultra Premium Edition_AICamera-DMFTDriver_1.0.0.11\AICamera-DMFTDriver_1.0.0.11.exe
2026-02-16 18:48:00,042 [INFO] Command completed with exit code 0: D:\GitHub Projects\matebook-pro-usb-creator\tools\7zip-portable\7z.exe x -y -oC:\Users\georg\AppData\Local\Temp\MateBookDriverExeExtract_231c98w0\exe_extracted\HUAWEI Matebook X Pro Core Ultra Premium Edition_AICamera-DMFTDriver_1.0.0.11\HUAWEI Matebook X Pro Core Ultra Premium Edition_AICamera-DMFTDriver_1.0.0.11\HUAWEI Matebook X Pro Core Ultra Premium Edition_AICamera-DMFTDriver_1.0.0.11\AICamera-DMFTDriver_1.0.0.11 C:\Users\georg\AppData\Local\Temp\MateBookDriverZipExtract_mxlza0k5\HUAWEI Matebook X Pro Core Ultra Premium Edition_AICamera-DMFTDriver_1.0.0.11\HUAWEI Matebook X Pro Core Ultra Premium Edition_AICamera-DMFTDriver_1.0.0.11\HUAWEI Matebook X Pro Core Ultra Premium Edition_AICamera-DMFTDriver_1.0.0.11\AICamera-DMFTDriver_1.0.0.11.exe
2026-02-16 18:48:00,045 [INFO] Running command: D:\GitHub Projects\matebook-pro-usb-creator\tools\7zip-portable\7z.exe x -y -oC:\Users\georg\AppData\Local\Temp\MateBookDriverExeExtract_231c98w0\exe_extracted\HUAWEI Matebook X Pro Core Ultra Premium Edition_DisplayServiceDriver_1.0.3.21\HUAWEI Matebook X Pro Core Ultra Premium Edition_DisplayServiceDriver_1.0.3.21\HUAWEI Matebook X Pro Core Ultra Premium Edition_DisplayServiceDriver_1.0.3.21\DisplayServiceDriver_1.0.3.21 C:\Users\georg\AppData\Local\Temp\MateBookDriverZipExtract_mxlza0k5\HUAWEI Matebook X Pro Core Ultra Premium Edition_DisplayServiceDriver_1.0.3.21\HUAWEI Matebook X Pro Core Ultra Premium Edition_DisplayServiceDriver_1.0.3.21\HUAWEI Matebook X Pro Core Ultra Premium Edition_DisplayServiceDriver_1.0.3.21\DisplayServiceDriver_1.0.3.21.exe
2026-02-16 18:48:00,951 [INFO] Command completed with exit code 0: D:\GitHub Projects\matebook-pro-usb-creator\tools\7zip-portable\7z.exe x -y -oC:\Users\georg\AppData\Local\Temp\MateBookDriverExeExtract_231c98w0\exe_extracted\HUAWEI Matebook X Pro Core Ultra Premium Edition_DisplayServiceDriver_1.0.3.21\HUAWEI Matebook X Pro Core Ultra Premium Edition_DisplayServiceDriver_1.0.3.21\HUAWEI Matebook X Pro Core Ultra Premium Edition_DisplayServiceDriver_1.0.3.21\DisplayServiceDriver_1.0.3.21 C:\Users\georg\AppData\Local\Temp\MateBookDriverZipExtract_mxlza0k5\HUAWEI Matebook X Pro Core Ultra Premium Edition_DisplayServiceDriver_1.0.3.21\HUAWEI Matebook X Pro Core Ultra Premium Edition_DisplayServiceDriver_1.0.3.21\HUAWEI Matebook X Pro Core Ultra Premium Edition_DisplayServiceDriver_1.0.3.21\DisplayServiceDriver_1.0.3.21.exe
2026-02-16 18:48:00,953 [INFO] Running command: D:\GitHub Projects\matebook-pro-usb-creator\tools\7zip-portable\7z.exe x -y -oC:\Users\georg\AppData\Local\Temp\MateBookDriverExeExtract_231c98w0\exe_extracted\HUAWEI_Matebook_X_Pro_Core_Ultra_Premium_Edition_BT_23.30.0.3\HUAWEI_Matebook_X_Pro_Core_Ultra_Premium_Edition_BT_23.30.0.3\HUAWEI_Matebook_X_Pro_Core_Ultra_Premium_Edition_BT_23.30.0.3\BT_23.30.0.3 C:\Users\georg\AppData\Local\Temp\MateBookDriverZipExtract_mxlza0k5\HUAWEI_Matebook_X_Pro_Core_Ultra_Premium_Edition_BT_23.30.0.3\HUAWEI_Matebook_X_Pro_Core_Ultra_Premium_Edition_BT_23.30.0.3\HUAWEI_Matebook_X_Pro_Core_Ultra_Premium_Edition_BT_23.30.0.3\BT_23.30.0.3.exe
2026-02-16 18:48:02,595 [INFO] Command completed with exit code 0: D:\GitHub Projects\matebook-pro-usb-creator\tools\7zip-portable\7z.exe x -y -oC:\Users\georg\AppData\Local\Temp\MateBookDriverExeExtract_231c98w0\exe_extracted\HUAWEI_Matebook_X_Pro_Core_Ultra_Premium_Edition_BT_23.30.0.3\HUAWEI_Matebook_X_Pro_Core_Ultra_Premium_Edition_BT_23.30.0.3\HUAWEI_Matebook_X_Pro_Core_Ultra_Premium_Edition_BT_23.30.0.3\BT_23.30.0.3 C:\Users\georg\AppData\Local\Temp\MateBookDriverZipExtract_mxlza0k5\HUAWEI_Matebook_X_Pro_Core_Ultra_Premium_Edition_BT_23.30.0.3\HUAWEI_Matebook_X_Pro_Core_Ultra_Premium_Edition_BT_23.30.0.3\HUAWEI_Matebook_X_Pro_Core_Ultra_Premium_Edition_BT_23.30.0.3\BT_23.30.0.3.exe
2026-02-16 18:48:02,597 [INFO] Running command: D:\GitHub Projects\matebook-pro-usb-creator\tools\7zip-portable\7z.exe x -y -oC:\Users\georg\AppData\Local\Temp\MateBookDriverExeExtract_231c98w0\exe_extracted\HUAWEI_Matebook_X_Pro_Core_Ultra_Premium_Edition_Camera_IPU6_64.22000.13.14550\HUAWEI_Matebook_X_Pro_Core_Ultra_Premium_Edition_Camera_IPU6_64.22000.13.14550\HUAWEI_Matebook_X_Pro_Core_Ultra_Premium_Edition_Camera_IPU6_64.22000.13.14550\Camera_IPU6_64.22000.13.14550 C:\Users\georg\AppData\Local\Temp\MateBookDriverZipExtract_mxlza0k5\HUAWEI_Matebook_X_Pro_Core_Ultra_Premium_Edition_Camera_IPU6_64.22000.13.14550\HUAWEI_Matebook_X_Pro_Core_Ultra_Premium_Edition_Camera_IPU6_64.22000.13.14550\HUAWEI_Matebook_X_Pro_Core_Ultra_Premium_Edition_Camera_IPU6_64.22000.13.14550\Camera_IPU6_64.22000.13.14550.exe
2026-02-16 18:48:04,713 [INFO] Command completed with exit code 0: D:\GitHub Projects\matebook-pro-usb-creator\tools\7zip-portable\7z.exe x -y -oC:\Users\georg\AppData\Local\Temp\MateBookDriverExeExtract_231c98w0\exe_extracted\HUAWEI_Matebook_X_Pro_Core_Ultra_Premium_Edition_Camera_IPU6_64.22000.13.14550\HUAWEI_Matebook_X_Pro_Core_Ultra_Premium_Edition_Camera_IPU6_64.22000.13.14550\HUAWEI_Matebook_X_Pro_Core_Ultra_Premium_Edition_Camera_IPU6_64.22000.13.14550\Camera_IPU6_64.22000.13.14550 C:\Users\georg\AppData\Local\Temp\MateBookDriverZipExtract_mxlza0k5\HUAWEI_Matebook_X_Pro_Core_Ultra_Premium_Edition_Camera_IPU6_64.22000.13.14550\HUAWEI_Matebook_X_Pro_Core_Ultra_Premium_Edition_Camera_IPU6_64.22000.13.14550\HUAWEI_Matebook_X_Pro_Core_Ultra_Premium_Edition_Camera_IPU6_64.22000.13.14550\Camera_IPU6_64.22000.13.14550.exe
2026-02-16 18:48:04,715 [INFO] Running command: D:\GitHub Projects\matebook-pro-usb-creator\tools\7zip-portable\7z.exe x -y -oC:\Users\georg\AppData\Local\Temp\MateBookDriverExeExtract_231c98w0\exe_extracted\HUAWEI_Matebook_X_Pro_Core_Ultra_Premium_Edition_DTT_1.0.11406.42226\HUAWEI_Matebook_X_Pro_Core_Ultra_Premium_Edition_DTT_1.0.11406.42226\HUAWEI_Matebook_X_Pro_Core_Ultra_Premium_Edition_DTT_1.0.11406.42226\DTT_1.0.11406.42226 C:\Users\georg\AppData\Local\Temp\MateBookDriverZipExtract_mxlza0k5\HUAWEI_Matebook_X_Pro_Core_Ultra_Premium_Edition_DTT_1.0.11406.42226\HUAWEI_Matebook_X_Pro_Core_Ultra_Premium_Edition_DTT_1.0.11406.42226\HUAWEI_Matebook_X_Pro_Core_Ultra_Premium_Edition_DTT_1.0.11406.42226\DTT_1.0.11406.42226.exe
2026-02-16 18:48:05,974 [INFO] Command completed with exit code 0: D:\GitHub Projects\matebook-pro-usb-creator\tools\7zip-portable\7z.exe x -y -oC:\Users\georg\AppData\Local\Temp\MateBookDriverExeExtract_231c98w0\exe_extracted\HUAWEI_Matebook_X_Pro_Core_Ultra_Premium_Edition_DTT_1.0.11406.42226\HUAWEI_Matebook_X_Pro_Core_Ultra_Premium_Edition_DTT_1.0.11406.42226\HUAWEI_Matebook_X_Pro_Core_Ultra_Premium_Edition_DTT_1.0.11406.42226\DTT_1.0.11406.42226 C:\Users\georg\AppData\Local\Temp\MateBookDriverZipExtract_mxlza0k5\HUAWEI_Matebook_X_Pro_Core_Ultra_Premium_Edition_DTT_1.0.11406.42226\HUAWEI_Matebook_X_Pro_Core_Ultra_Premium_Edition_DTT_1.0.11406.42226\HUAWEI_Matebook_X_Pro_Core_Ultra_Premium_Edition_DTT_1.0.11406.42226\DTT_1.0.11406.42226.exe
2026-02-16 18:48:05,976 [INFO] Running command: D:\GitHub Projects\matebook-pro-usb-creator\tools\7zip-portable\7z.exe x -y -oC:\Users\georg\AppData\Local\Temp\MateBookDriverExeExtract_231c98w0\exe_extracted\HUAWEI_Matebook_X_Pro_Core_Ultra_Premium_Edition_Graphics_31.0.101.5382\HUAWEI_Matebook_X_Pro_Core_Ultra_Premium_Edition_Graphics_31.0.101.5382\HUAWEI_Matebook_X_Pro_Core_Ultra_Premium_Edition_Graphics_31.0.101.5382\Graphics_31.0.101.5382 C:\Users\georg\AppData\Local\Temp\MateBookDriverZipExtract_mxlza0k5\HUAWEI_Matebook_X_Pro_Core_Ultra_Premium_Edition_Graphics_31.0.101.5382\HUAWEI_Matebook_X_Pro_Core_Ultra_Premium_Edition_Graphics_31.0.101.5382\HUAWEI_Matebook_X_Pro_Core_Ultra_Premium_Edition_Graphics_31.0.101.5382\Graphics_31.0.101.5382.exe
2026-02-16 18:48:16,366 [INFO] Command completed with exit code 0: D:\GitHub Projects\matebook-pro-usb-creator\tools\7zip-portable\7z.exe x -y -oC:\Users\georg\AppData\Local\Temp\MateBookDriverExeExtract_231c98w0\exe_extracted\HUAWEI_Matebook_X_Pro_Core_Ultra_Premium_Edition_Graphics_31.0.101.5382\HUAWEI_Matebook_X_Pro_Core_Ultra_Premium_Edition_Graphics_31.0.101.5382\HUAWEI_Matebook_X_Pro_Core_Ultra_Premium_Edition_Graphics_31.0.101.5382\Graphics_31.0.101.5382 C:\Users\georg\AppData\Local\Temp\MateBookDriverZipExtract_mxlza0k5\HUAWEI_Matebook_X_Pro_Core_Ultra_Premium_Edition_Graphics_31.0.101.5382\HUAWEI_Matebook_X_Pro_Core_Ultra_Premium_Edition_Graphics_31.0.101.5382\HUAWEI_Matebook_X_Pro_Core_Ultra_Premium_Edition_Graphics_31.0.101.5382\Graphics_31.0.101.5382.exe
2026-02-16 18:48:16,368 [INFO] Running command: D:\GitHub Projects\matebook-pro-usb-creator\tools\7zip-portable\7z.exe x -y -oC:\Users\georg\AppData\Local\Temp\MateBookDriverExeExtract_231c98w0\exe_extracted\HUAWEI_Matebook_X_Pro_Core_Ultra_Premium_Edition_ISST_20.40.10495.4\HUAWEI_Matebook_X_Pro_Core_Ultra_Premium_Edition_ISST_20.40.10495.4\HUAWEI_Matebook_X_Pro_Core_Ultra_Premium_Edition_ISST_20.40.10495.4\ISST_20.40.10495.4 C:\Users\georg\AppData\Local\Temp\MateBookDriverZipExtract_mxlza0k5\HUAWEI_Matebook_X_Pro_Core_Ultra_Premium_Edition_ISST_20.40.10495.4\HUAWEI_Matebook_X_Pro_Core_Ultra_Premium_Edition_ISST_20.40.10495.4\HUAWEI_Matebook_X_Pro_Core_Ultra_Premium_Edition_ISST_20.40.10495.4\ISST_20.40.10495.4.exe
2026-02-16 18:48:17,997 [INFO] Command completed with exit code 0: D:\GitHub Projects\matebook-pro-usb-creator\tools\7zip-portable\7z.exe x -y -oC:\Users\georg\AppData\Local\Temp\MateBookDriverExeExtract_231c98w0\exe_extracted\HUAWEI_Matebook_X_Pro_Core_Ultra_Premium_Edition_ISST_20.40.10495.4\HUAWEI_Matebook_X_Pro_Core_Ultra_Premium_Edition_ISST_20.40.10495.4\HUAWEI_Matebook_X_Pro_Core_Ultra_Premium_Edition_ISST_20.40.10495.4\ISST_20.40.10495.4 C:\Users\georg\AppData\Local\Temp\MateBookDriverZipExtract_mxlza0k5\HUAWEI_Matebook_X_Pro_Core_Ultra_Premium_Edition_ISST_20.40.10495.4\HUAWEI_Matebook_X_Pro_Core_Ultra_Premium_Edition_ISST_20.40.10495.4\HUAWEI_Matebook_X_Pro_Core_Ultra_Premium_Edition_ISST_20.40.10495.4\ISST_20.40.10495.4.exe
2026-02-16 18:48:17,998 [INFO] Running command: D:\GitHub Projects\matebook-pro-usb-creator\tools\7zip-portable\7z.exe x -y -oC:\Users\georg\AppData\Local\Temp\MateBookDriverExeExtract_231c98w0\exe_extracted\HUAWEI_Matebook_X_Pro_Core_Ultra_Premium_Edition_ME_2345.5.3.0\HUAWEI_Matebook_X_Pro_Core_Ultra_Premium_Edition_ME_2345.5.3.0\HUAWEI_Matebook_X_Pro_Core_Ultra_Premium_Edition_ME_2345.5.3.0\ME_2345.5.3.0 C:\Users\georg\AppData\Local\Temp\MateBookDriverZipExtract_mxlza0k5\HUAWEI_Matebook_X_Pro_Core_Ultra_Premium_Edition_ME_2345.5.3.0\HUAWEI_Matebook_X_Pro_Core_Ultra_Premium_Edition_ME_2345.5.3.0\HUAWEI_Matebook_X_Pro_Core_Ultra_Premium_Edition_ME_2345.5.3.0\ME_2345.5.3.0.exe
2026-02-16 18:48:19,310 [INFO] Command completed with exit code 0: D:\GitHub Projects\matebook-pro-usb-creator\tools\7zip-portable\7z.exe x -y -oC:\Users\georg\AppData\Local\Temp\MateBookDriverExeExtract_231c98w0\exe_extracted\HUAWEI_Matebook_X_Pro_Core_Ultra_Premium_Edition_ME_2345.5.3.0\HUAWEI_Matebook_X_Pro_Core_Ultra_Premium_Edition_ME_2345.5.3.0\HUAWEI_Matebook_X_Pro_Core_Ultra_Premium_Edition_ME_2345.5.3.0\ME_2345.5.3.0 C:\Users\georg\AppData\Local\Temp\MateBookDriverZipExtract_mxlza0k5\HUAWEI_Matebook_X_Pro_Core_Ultra_Premium_Edition_ME_2345.5.3.0\HUAWEI_Matebook_X_Pro_Core_Ultra_Premium_Edition_ME_2345.5.3.0\HUAWEI_Matebook_X_Pro_Core_Ultra_Premium_Edition_ME_2345.5.3.0\ME_2345.5.3.0.exe
2026-02-16 18:48:19,312 [INFO] Running command: D:\GitHub Projects\matebook-pro-usb-creator\tools\7zip-portable\7z.exe x -y -oC:\Users\georg\AppData\Local\Temp\MateBookDriverExeExtract_231c98w0\exe_extracted\HUAWEI_Matebook_X_Pro_Core_Ultra_Premium_Edition_Monitor_23.12.14.1\HUAWEI_Matebook_X_Pro_Core_Ultra_Premium_Edition_Monitor_23.12.14.1\HUAWEI_Matebook_X_Pro_Core_Ultra_Premium_Edition_Monitor_23.12.14.1\Monitor_23.12.14.1 C:\Users\georg\AppData\Local\Temp\MateBookDriverZipExtract_mxlza0k5\HUAWEI_Matebook_X_Pro_Core_Ultra_Premium_Edition_Monitor_23.12.14.1\HUAWEI_Matebook_X_Pro_Core_Ultra_Premium_Edition_Monitor_23.12.14.1\HUAWEI_Matebook_X_Pro_Core_Ultra_Premium_Edition_Monitor_23.12.14.1\Monitor_23.12.14.1.exe
2026-02-16 18:48:19,812 [INFO] Command completed with exit code 0: D:\GitHub Projects\matebook-pro-usb-creator\tools\7zip-portable\7z.exe x -y -oC:\Users\georg\AppData\Local\Temp\MateBookDriverExeExtract_231c98w0\exe_extracted\HUAWEI_Matebook_X_Pro_Core_Ultra_Premium_Edition_Monitor_23.12.14.1\HUAWEI_Matebook_X_Pro_Core_Ultra_Premium_Edition_Monitor_23.12.14.1\HUAWEI_Matebook_X_Pro_Core_Ultra_Premium_Edition_Monitor_23.12.14.1\Monitor_23.12.14.1 C:\Users\georg\AppData\Local\Temp\MateBookDriverZipExtract_mxlza0k5\HUAWEI_Matebook_X_Pro_Core_Ultra_Premium_Edition_Monitor_23.12.14.1\HUAWEI_Matebook_X_Pro_Core_Ultra_Premium_Edition_Monitor_23.12.14.1\HUAWEI_Matebook_X_Pro_Core_Ultra_Premium_Edition_Monitor_23.12.14.1\Monitor_23.12.14.1.exe
2026-02-16 18:48:19,814 [INFO] Running command: D:\GitHub Projects\matebook-pro-usb-creator\tools\7zip-portable\7z.exe x -y -oC:\Users\georg\AppData\Local\Temp\MateBookDriverExeExtract_231c98w0\exe_extracted\HUAWEI_Matebook_X_Pro_Core_Ultra_Premium_Edition_NPU_31.0.100.2016\HUAWEI_Matebook_X_Pro_Core_Ultra_Premium_Edition_NPU_31.0.100.2016\HUAWEI_Matebook_X_Pro_Core_Ultra_Premium_Edition_NPU_31.0.100.2016\NPU_31.0.100.2016 C:\Users\georg\AppData\Local\Temp\MateBookDriverZipExtract_mxlza0k5\HUAWEI_Matebook_X_Pro_Core_Ultra_Premium_Edition_NPU_31.0.100.2016\HUAWEI_Matebook_X_Pro_Core_Ultra_Premium_Edition_NPU_31.0.100.2016\HUAWEI_Matebook_X_Pro_Core_Ultra_Premium_Edition_NPU_31.0.100.2016\NPU_31.0.100.2016.exe
2026-02-16 18:48:22,539 [INFO] Command completed with exit code 0: D:\GitHub Projects\matebook-pro-usb-creator\tools\7zip-portable\7z.exe x -y -oC:\Users\georg\AppData\Local\Temp\MateBookDriverExeExtract_231c98w0\exe_extracted\HUAWEI_Matebook_X_Pro_Core_Ultra_Premium_Edition_NPU_31.0.100.2016\HUAWEI_Matebook_X_Pro_Core_Ultra_Premium_Edition_NPU_31.0.100.2016\HUAWEI_Matebook_X_Pro_Core_Ultra_Premium_Edition_NPU_31.0.100.2016\NPU_31.0.100.2016 C:\Users\georg\AppData\Local\Temp\MateBookDriverZipExtract_mxlza0k5\HUAWEI_Matebook_X_Pro_Core_Ultra_Premium_Edition_NPU_31.0.100.2016\HUAWEI_Matebook_X_Pro_Core_Ultra_Premium_Edition_NPU_31.0.100.2016\HUAWEI_Matebook_X_Pro_Core_Ultra_Premium_Edition_NPU_31.0.100.2016\NPU_31.0.100.2016.exe
2026-02-16 18:48:22,541 [INFO] Running command: D:\GitHub Projects\matebook-pro-usb-creator\tools\7zip-portable\7z.exe x -y -oC:\Users\georg\AppData\Local\Temp\MateBookDriverExeExtract_231c98w0\exe_extracted\HUAWEI_Matebook_X_Pro_Core_Ultra_Premium_Edition_SenaryAudio_3.49.1.9\HUAWEI_Matebook_X_Pro_Core_Ultra_Premium_Edition_SenaryAudio_3.49.1.9\HUAWEI_Matebook_X_Pro_Core_Ultra_Premium_Edition_SenaryAudio_3.49.1.9\SenaryAudio_3.49.1.9 C:\Users\georg\AppData\Local\Temp\MateBookDriverZipExtract_mxlza0k5\HUAWEI_Matebook_X_Pro_Core_Ultra_Premium_Edition_SenaryAudio_3.49.1.9\HUAWEI_Matebook_X_Pro_Core_Ultra_Premium_Edition_SenaryAudio_3.49.1.9\HUAWEI_Matebook_X_Pro_Core_Ultra_Premium_Edition_SenaryAudio_3.49.1.9\SenaryAudio_3.49.1.9.exe
2026-02-16 18:48:25,180 [INFO] Command completed with exit code 0: D:\GitHub Projects\matebook-pro-usb-creator\tools\7zip-portable\7z.exe x -y -oC:\Users\georg\AppData\Local\Temp\MateBookDriverExeExtract_231c98w0\exe_extracted\HUAWEI_Matebook_X_Pro_Core_Ultra_Premium_Edition_SenaryAudio_3.49.1.9\HUAWEI_Matebook_X_Pro_Core_Ultra_Premium_Edition_SenaryAudio_3.49.1.9\HUAWEI_Matebook_X_Pro_Core_Ultra_Premium_Edition_SenaryAudio_3.49.1.9\SenaryAudio_3.49.1.9 C:\Users\georg\AppData\Local\Temp\MateBookDriverZipExtract_mxlza0k5\HUAWEI_Matebook_X_Pro_Core_Ultra_Premium_Edition_SenaryAudio_3.49.1.9\HUAWEI_Matebook_X_Pro_Core_Ultra_Premium_Edition_SenaryAudio_3.49.1.9\HUAWEI_Matebook_X_Pro_Core_Ultra_Premium_Edition_SenaryAudio_3.49.1.9\SenaryAudio_3.49.1.9.exe
2026-02-16 18:48:25,181 [INFO] Running command: D:\GitHub Projects\matebook-pro-usb-creator\tools\7zip-portable\7z.exe x -y -oC:\Users\georg\AppData\Local\Temp\MateBookDriverExeExtract_231c98w0\exe_extracted\HUAWEI_Matebook_X_Pro_Core_Ultra_Premium_Edition_SerialIO_30.100.2318.58\HUAWEI_Matebook_X_Pro_Core_Ultra_Premium_Edition_SerialIO_30.100.2318.58\HUAWEI_Matebook_X_Pro_Core_Ultra_Premium_Edition_SerialIO_30.100.2318.58\SerialIO_30.100.2318.58 C:\Users\georg\AppData\Local\Temp\MateBookDriverZipExtract_mxlza0k5\HUAWEI_Matebook_X_Pro_Core_Ultra_Premium_Edition_SerialIO_30.100.2318.58\HUAWEI_Matebook_X_Pro_Core_Ultra_Premium_Edition_SerialIO_30.100.2318.58\HUAWEI_Matebook_X_Pro_Core_Ultra_Premium_Edition_SerialIO_30.100.2318.58\SerialIO_30.100.2318.58.exe
2026-02-16 18:48:26,082 [INFO] Command completed with exit code 0: D:\GitHub Projects\matebook-pro-usb-creator\tools\7zip-portable\7z.exe x -y -oC:\Users\georg\AppData\Local\Temp\MateBookDriverExeExtract_231c98w0\exe_extracted\HUAWEI_Matebook_X_Pro_Core_Ultra_Premium_Edition_SerialIO_30.100.2318.58\HUAWEI_Matebook_X_Pro_Core_Ultra_Premium_Edition_SerialIO_30.100.2318.58\HUAWEI_Matebook_X_Pro_Core_Ultra_Premium_Edition_SerialIO_30.100.2318.58\SerialIO_30.100.2318.58 C:\Users\georg\AppData\Local\Temp\MateBookDriverZipExtract_mxlza0k5\HUAWEI_Matebook_X_Pro_Core_Ultra_Premium_Edition_SerialIO_30.100.2318.58\HUAWEI_Matebook_X_Pro_Core_Ultra_Premium_Edition_SerialIO_30.100.2318.58\HUAWEI_Matebook_X_Pro_Core_Ultra_Premium_Edition_SerialIO_30.100.2318.58\SerialIO_30.100.2318.58.exe
2026-02-16 18:48:26,093 [INFO] Running command: D:\GitHub Projects\matebook-pro-usb-creator\tools\7zip-portable\7z.exe x -y -oC:\Users\georg\AppData\Local\Temp\MateBookDriverExeExtract_231c98w0\exe_extracted\HUAWEI_Matebook_X_Pro_Core_Ultra_Premium_Edition_WDT_1.0.3.27\HUAWEI_Matebook_X_Pro_Core_Ultra_Premium_Edition_WDT_1.0.3.27\HUAWEI_Matebook_X_Pro_Core_Ultra_Premium_Edition_WDT_1.0.3.27\WDT_1.0.3.27 C:\Users\georg\AppData\Local\Temp\MateBookDriverZipExtract_mxlza0k5\HUAWEI_Matebook_X_Pro_Core_Ultra_Premium_Edition_WDT_1.0.3.27\HUAWEI_Matebook_X_Pro_Core_Ultra_Premium_Edition_WDT_1.0.3.27\HUAWEI_Matebook_X_Pro_Core_Ultra_Premium_Edition_WDT_1.0.3.27\WDT_1.0.3.27.exe
2026-02-16 18:48:26,768 [INFO] Command completed with exit code 0: D:\GitHub Projects\matebook-pro-usb-creator\tools\7zip-portable\7z.exe x -y -oC:\Users\georg\AppData\Local\Temp\MateBookDriverExeExtract_231c98w0\exe_extracted\HUAWEI_Matebook_X_Pro_Core_Ultra_Premium_Edition_WDT_1.0.3.27\HUAWEI_Matebook_X_Pro_Core_Ultra_Premium_Edition_WDT_1.0.3.27\HUAWEI_Matebook_X_Pro_Core_Ultra_Premium_Edition_WDT_1.0.3.27\WDT_1.0.3.27 C:\Users\georg\AppData\Local\Temp\MateBookDriverZipExtract_mxlza0k5\HUAWEI_Matebook_X_Pro_Core_Ultra_Premium_Edition_WDT_1.0.3.27\HUAWEI_Matebook_X_Pro_Core_Ultra_Premium_Edition_WDT_1.0.3.27\HUAWEI_Matebook_X_Pro_Core_Ultra_Premium_Edition_WDT_1.0.3.27\WDT_1.0.3.27.exe
2026-02-16 18:48:26,770 [INFO] Running command: D:\GitHub Projects\matebook-pro-usb-creator\tools\7zip-portable\7z.exe x -y -oC:\Users\georg\AppData\Local\Temp\MateBookDriverExeExtract_231c98w0\exe_extracted\HUAWEI_Matebook_X_Pro_Core_Ultra_Premium_Edition_WiFi_23.40.0.4 (1)\HUAWEI_Matebook_X_Pro_Core_Ultra_Premium_Edition_WiFi_23.40.0.4\HUAWEI_Matebook_X_Pro_Core_Ultra_Premium_Edition_WiFi_23.40.0.4\WiFi_23.40.0.4 C:\Users\georg\AppData\Local\Temp\MateBookDriverZipExtract_mxlza0k5\HUAWEI_Matebook_X_Pro_Core_Ultra_Premium_Edition_WiFi_23.40.0.4 (1)\HUAWEI_Matebook_X_Pro_Core_Ultra_Premium_Edition_WiFi_23.40.0.4\HUAWEI_Matebook_X_Pro_Core_Ultra_Premium_Edition_WiFi_23.40.0.4\WiFi_23.40.0.4.exe
2026-02-16 18:48:29,664 [INFO] Command completed with exit code 0: D:\GitHub Projects\matebook-pro-usb-creator\tools\7zip-portable\7z.exe x -y -oC:\Users\georg\AppData\Local\Temp\MateBookDriverExeExtract_231c98w0\exe_extracted\HUAWEI_Matebook_X_Pro_Core_Ultra_Premium_Edition_WiFi_23.40.0.4 (1)\HUAWEI_Matebook_X_Pro_Core_Ultra_Premium_Edition_WiFi_23.40.0.4\HUAWEI_Matebook_X_Pro_Core_Ultra_Premium_Edition_WiFi_23.40.0.4\WiFi_23.40.0.4 C:\Users\georg\AppData\Local\Temp\MateBookDriverZipExtract_mxlza0k5\HUAWEI_Matebook_X_Pro_Core_Ultra_Premium_Edition_WiFi_23.40.0.4 (1)\HUAWEI_Matebook_X_Pro_Core_Ultra_Premium_Edition_WiFi_23.40.0.4\HUAWEI_Matebook_X_Pro_Core_Ultra_Premium_Edition_WiFi_23.40.0.4\WiFi_23.40.0.4.exe
2026-02-16 18:48:29,666 [INFO] Running command: D:\GitHub Projects\matebook-pro-usb-creator\tools\7zip-portable\7z.exe x -y -oC:\Users\georg\AppData\Local\Temp\MateBookDriverExeExtract_231c98w0\exe_extracted\HUAWEI_Matebook_X_Pro_Core_Ultra_Premium_Edition_WiFi_23.40.0.4\HUAWEI_Matebook_X_Pro_Core_Ultra_Premium_Edition_WiFi_23.40.0.4\HUAWEI_Matebook_X_Pro_Core_Ultra_Premium_Edition_WiFi_23.40.0.4\WiFi_23.40.0.4 C:\Users\georg\AppData\Local\Temp\MateBookDriverZipExtract_mxlza0k5\HUAWEI_Matebook_X_Pro_Core_Ultra_Premium_Edition_WiFi_23.40.0.4\HUAWEI_Matebook_X_Pro_Core_Ultra_Premium_Edition_WiFi_23.40.0.4\HUAWEI_Matebook_X_Pro_Core_Ultra_Premium_Edition_WiFi_23.40.0.4\WiFi_23.40.0.4.exe
2026-02-16 18:48:32,116 [INFO] Command completed with exit code 0: D:\GitHub Projects\matebook-pro-usb-creator\tools\7zip-portable\7z.exe x -y -oC:\Users\georg\AppData\Local\Temp\MateBookDriverExeExtract_231c98w0\exe_extracted\HUAWEI_Matebook_X_Pro_Core_Ultra_Premium_Edition_WiFi_23.40.0.4\HUAWEI_Matebook_X_Pro_Core_Ultra_Premium_Edition_WiFi_23.40.0.4\HUAWEI_Matebook_X_Pro_Core_Ultra_Premium_Edition_WiFi_23.40.0.4\WiFi_23.40.0.4 C:\Users\georg\AppData\Local\Temp\MateBookDriverZipExtract_mxlza0k5\HUAWEI_Matebook_X_Pro_Core_Ultra_Premium_Edition_WiFi_23.40.0.4\HUAWEI_Matebook_X_Pro_Core_Ultra_Premium_Edition_WiFi_23.40.0.4\HUAWEI_Matebook_X_Pro_Core_Ultra_Premium_Edition_WiFi_23.40.0.4\WiFi_23.40.0.4.exe
2026-02-16 18:48:32,129 [INFO] Running command: dism.exe /Online /Export-Driver /Destination:C:\Users\georg\AppData\Local\Temp\MateBookOnlineDriverExport_v38wpvcw\online_exported_drivers
2026-02-16 18:48:38,166 [INFO] Command completed with exit code 0: dism.exe /Online /Export-Driver /Destination:C:\Users\georg\AppData\Local\Temp\MateBookOnlineDriverExport_v38wpvcw\online_exported_drivers
2026-02-16 18:48:38,284 [INFO] Running command: dism.exe /Cleanup-Wim
2026-02-16 18:48:38,469 [INFO] Command completed with exit code 0: dism.exe /Cleanup-Wim
2026-02-16 18:48:39,092 [INFO] USB creation cleanup finished.
2026-02-16 18:48:39,092 [ERROR] Worker thread failed.
Traceback (most recent call last):
  File "D:\GitHub Projects\matebook-pro-usb-creator\Create-MateBookWin11Usb.py", line 1472, in _run_creation_worker
    invoke_usb_creation(
    ~~~~~~~~~~~~~~~~~~~^
        iso_path=iso_path,
        ^^^^^^^^^^^^^^^^^^
    ...<2 lines>...
        on_progress=progress_callback,
        ^^^^^^^^^^^^^^^^^^^^^^^^^^^^^^
    )
    ^
  File "D:\GitHub Projects\matebook-pro-usb-creator\Create-MateBookWin11Usb.py", line 1082, in invoke_usb_creation
    raise RuntimeError(
        f"No Wi-Fi INF drivers were detected in: {effective_drivers_root}. Add Wi-Fi drivers and retry."
    )
RuntimeError: No Wi-Fi INF drivers were detected in: C:\Users\georg\AppData\Local\Temp\MateBookOnlineDriverExport_v38wpvcw\online_exported_drivers. Add Wi-Fi drivers and retry.
2026-02-16 18:50:28,475 [INFO] ----- Session start -----
2026-02-16 18:50:28,475 [INFO] Process start. pid=23060 argv=['.\\Create-MateBookWin11Usb.py'] cwd=D:\GitHub Projects\matebook-pro-usb-creator exe=C:\Users\georg\AppData\Local\Microsoft\WindowsApps\PythonSoftwareFoundation.Python.3.13_qbz5n2kfra8p0\python.exe
2026-02-16 18:50:28,475 [INFO] Administrative privileges detected: False
2026-02-16 18:50:28,475 [INFO] Requesting UAC elevation. Executable=C:\Users\georg\AppData\Local\Microsoft\WindowsApps\PythonSoftwareFoundation.Python.3.13_qbz5n2kfra8p0\python.exe Script=D:\GitHub Projects\matebook-pro-usb-creator\Create-MateBookWin11Usb.py Cwd=D:\GitHub Projects\matebook-pro-usb-creator
2026-02-16 18:50:31,426 [INFO] Elevation requested successfully. Exiting unelevated parent process.
2026-02-16 18:50:31,730 [INFO] ----- Session start -----
2026-02-16 18:50:31,730 [INFO] Process start. pid=37544 argv=['D:\\GitHub Projects\\matebook-pro-usb-creator\\Create-MateBookWin11Usb.py'] cwd=D:\GitHub Projects\matebook-pro-usb-creator exe=C:\Users\georg\AppData\Local\Microsoft\WindowsApps\PythonSoftwareFoundation.Python.3.13_qbz5n2kfra8p0\python.exe
2026-02-16 18:50:31,730 [INFO] Administrative privileges detected: True
2026-02-16 18:50:31,823 [INFO] Running command: powershell.exe -NoProfile -ExecutionPolicy Bypass -Command 
    $items = @()
    Get-Partition | Where-Object { $_.DriveLetter } | Sort-Object DriveLetter | ForEach-Object {
        try {
            $disk = Get-Disk -Number $_.DiskNumber -ErrorAction Stop
            if ($disk.BusType -ne 'USB') { return }
            $volume = Get-Volume -DriveLetter $_.DriveLetter -ErrorAction SilentlyContinue
            $label = if ($volume -and $volume.FileSystemLabel) { $volume.FileSystemLabel } else { 'NoLabel' }
            $model = if ($disk.FriendlyName) { $disk.FriendlyName } else { 'USB Drive' }
            $items += [PSCustomObject]@{
                DriveLetter = [string]$_.DriveLetter
                SizeGB = [Math]::Round(($_.Size / 1GB), 1)
                Label = $label
                Model = $model
            }
        }
        catch {}
    }
    $items | ConvertTo-Json -Compress
    
2026-02-16 18:50:39,224 [INFO] Tk main loop exited normally.
2026-02-16 18:50:40,550 [INFO] Command completed with exit code 0: powershell.exe -NoProfile -ExecutionPolicy Bypass -Command 
    $items = @()
    Get-Partition | Where-Object { $_.DriveLetter } | Sort-Object DriveLetter | ForEach-Object {
        try {
            $disk = Get-Disk -Number $_.DiskNumber -ErrorAction Stop
            if ($disk.BusType -ne 'USB') { return }
            $volume = Get-Volume -DriveLetter $_.DriveLetter -ErrorAction SilentlyContinue
            $label = if ($volume -and $volume.FileSystemLabel) { $volume.FileSystemLabel } else { 'NoLabel' }
            $model = if ($disk.FriendlyName) { $disk.FriendlyName } else { 'USB Drive' }
            $items += [PSCustomObject]@{
                DriveLetter = [string]$_.DriveLetter
                SizeGB = [Math]::Round(($_.Size / 1GB), 1)
                Label = $label
                Model = $model
            }
        }
        catch {}
    }
    $items | ConvertTo-Json -Compress
    
2026-02-16 18:50:40,550 [INFO] GUI created successfully. Entering Tk main loop.
2026-02-16 18:50:45,828 [INFO] Worker thread started. iso_path=C:\Users\georg\Downloads\Win11_25H2_EnglishInternational_x64.iso drivers_path=D:\Matebook Drivers drive_letter=E
2026-02-16 18:50:45,831 [INFO] USB creation started. iso_path=C:\Users\georg\Downloads\Win11_25H2_EnglishInternational_x64.iso drivers_path=D:\Matebook Drivers target_drive=E: work_root=C:\Users\georg\AppData\Local\Temp\MateBookUsbCreator_zepzrw77
2026-02-16 18:50:45,862 [INFO] Extracting 15 driver zip archive(s) into: C:\Users\georg\AppData\Local\Temp\MateBookDriverZipExtract_ir6i7e3x
2026-02-16 18:50:50,924 [INFO] Using 7-Zip at D:\GitHub Projects\matebook-pro-usb-creator\tools\7zip-portable\7z.exe to extract 15 EXE installer(s).
2026-02-16 18:50:50,926 [INFO] Running command: D:\GitHub Projects\matebook-pro-usb-creator\tools\7zip-portable\7z.exe x -y -oC:\Users\georg\AppData\Local\Temp\MateBookDriverExeExtract_chjlzmel\exe_extracted\HUAWEI Matebook X Pro Core Ultra Premium Edition_AICamera-DMFTDriver_1.0.0.11\HUAWEI Matebook X Pro Core Ultra Premium Edition_AICamera-DMFTDriver_1.0.0.11\HUAWEI Matebook X Pro Core Ultra Premium Edition_AICamera-DMFTDriver_1.0.0.11\AICamera-DMFTDriver_1.0.0.11 C:\Users\georg\AppData\Local\Temp\MateBookDriverZipExtract_ir6i7e3x\HUAWEI Matebook X Pro Core Ultra Premium Edition_AICamera-DMFTDriver_1.0.0.11\HUAWEI Matebook X Pro Core Ultra Premium Edition_AICamera-DMFTDriver_1.0.0.11\HUAWEI Matebook X Pro Core Ultra Premium Edition_AICamera-DMFTDriver_1.0.0.11\AICamera-DMFTDriver_1.0.0.11.exe
2026-02-16 18:50:51,782 [INFO] Command completed with exit code 0: D:\GitHub Projects\matebook-pro-usb-creator\tools\7zip-portable\7z.exe x -y -oC:\Users\georg\AppData\Local\Temp\MateBookDriverExeExtract_chjlzmel\exe_extracted\HUAWEI Matebook X Pro Core Ultra Premium Edition_AICamera-DMFTDriver_1.0.0.11\HUAWEI Matebook X Pro Core Ultra Premium Edition_AICamera-DMFTDriver_1.0.0.11\HUAWEI Matebook X Pro Core Ultra Premium Edition_AICamera-DMFTDriver_1.0.0.11\AICamera-DMFTDriver_1.0.0.11 C:\Users\georg\AppData\Local\Temp\MateBookDriverZipExtract_ir6i7e3x\HUAWEI Matebook X Pro Core Ultra Premium Edition_AICamera-DMFTDriver_1.0.0.11\HUAWEI Matebook X Pro Core Ultra Premium Edition_AICamera-DMFTDriver_1.0.0.11\HUAWEI Matebook X Pro Core Ultra Premium Edition_AICamera-DMFTDriver_1.0.0.11\AICamera-DMFTDriver_1.0.0.11.exe
2026-02-16 18:50:51,785 [INFO] Running command: D:\GitHub Projects\matebook-pro-usb-creator\tools\7zip-portable\7z.exe x -y -oC:\Users\georg\AppData\Local\Temp\MateBookDriverExeExtract_chjlzmel\exe_extracted\HUAWEI Matebook X Pro Core Ultra Premium Edition_DisplayServiceDriver_1.0.3.21\HUAWEI Matebook X Pro Core Ultra Premium Edition_DisplayServiceDriver_1.0.3.21\HUAWEI Matebook X Pro Core Ultra Premium Edition_DisplayServiceDriver_1.0.3.21\DisplayServiceDriver_1.0.3.21 C:\Users\georg\AppData\Local\Temp\MateBookDriverZipExtract_ir6i7e3x\HUAWEI Matebook X Pro Core Ultra Premium Edition_DisplayServiceDriver_1.0.3.21\HUAWEI Matebook X Pro Core Ultra Premium Edition_DisplayServiceDriver_1.0.3.21\HUAWEI Matebook X Pro Core Ultra Premium Edition_DisplayServiceDriver_1.0.3.21\DisplayServiceDriver_1.0.3.21.exe
2026-02-16 18:50:52,605 [INFO] Command completed with exit code 0: D:\GitHub Projects\matebook-pro-usb-creator\tools\7zip-portable\7z.exe x -y -oC:\Users\georg\AppData\Local\Temp\MateBookDriverExeExtract_chjlzmel\exe_extracted\HUAWEI Matebook X Pro Core Ultra Premium Edition_DisplayServiceDriver_1.0.3.21\HUAWEI Matebook X Pro Core Ultra Premium Edition_DisplayServiceDriver_1.0.3.21\HUAWEI Matebook X Pro Core Ultra Premium Edition_DisplayServiceDriver_1.0.3.21\DisplayServiceDriver_1.0.3.21 C:\Users\georg\AppData\Local\Temp\MateBookDriverZipExtract_ir6i7e3x\HUAWEI Matebook X Pro Core Ultra Premium Edition_DisplayServiceDriver_1.0.3.21\HUAWEI Matebook X Pro Core Ultra Premium Edition_DisplayServiceDriver_1.0.3.21\HUAWEI Matebook X Pro Core Ultra Premium Edition_DisplayServiceDriver_1.0.3.21\DisplayServiceDriver_1.0.3.21.exe
2026-02-16 18:50:52,607 [INFO] Running command: D:\GitHub Projects\matebook-pro-usb-creator\tools\7zip-portable\7z.exe x -y -oC:\Users\georg\AppData\Local\Temp\MateBookDriverExeExtract_chjlzmel\exe_extracted\HUAWEI_Matebook_X_Pro_Core_Ultra_Premium_Edition_BT_23.30.0.3\HUAWEI_Matebook_X_Pro_Core_Ultra_Premium_Edition_BT_23.30.0.3\HUAWEI_Matebook_X_Pro_Core_Ultra_Premium_Edition_BT_23.30.0.3\BT_23.30.0.3 C:\Users\georg\AppData\Local\Temp\MateBookDriverZipExtract_ir6i7e3x\HUAWEI_Matebook_X_Pro_Core_Ultra_Premium_Edition_BT_23.30.0.3\HUAWEI_Matebook_X_Pro_Core_Ultra_Premium_Edition_BT_23.30.0.3\HUAWEI_Matebook_X_Pro_Core_Ultra_Premium_Edition_BT_23.30.0.3\BT_23.30.0.3.exe
2026-02-16 18:50:54,375 [INFO] Command completed with exit code 0: D:\GitHub Projects\matebook-pro-usb-creator\tools\7zip-portable\7z.exe x -y -oC:\Users\georg\AppData\Local\Temp\MateBookDriverExeExtract_chjlzmel\exe_extracted\HUAWEI_Matebook_X_Pro_Core_Ultra_Premium_Edition_BT_23.30.0.3\HUAWEI_Matebook_X_Pro_Core_Ultra_Premium_Edition_BT_23.30.0.3\HUAWEI_Matebook_X_Pro_Core_Ultra_Premium_Edition_BT_23.30.0.3\BT_23.30.0.3 C:\Users\georg\AppData\Local\Temp\MateBookDriverZipExtract_ir6i7e3x\HUAWEI_Matebook_X_Pro_Core_Ultra_Premium_Edition_BT_23.30.0.3\HUAWEI_Matebook_X_Pro_Core_Ultra_Premium_Edition_BT_23.30.0.3\HUAWEI_Matebook_X_Pro_Core_Ultra_Premium_Edition_BT_23.30.0.3\BT_23.30.0.3.exe
2026-02-16 18:50:54,378 [INFO] Running command: D:\GitHub Projects\matebook-pro-usb-creator\tools\7zip-portable\7z.exe x -y -oC:\Users\georg\AppData\Local\Temp\MateBookDriverExeExtract_chjlzmel\exe_extracted\HUAWEI_Matebook_X_Pro_Core_Ultra_Premium_Edition_Camera_IPU6_64.22000.13.14550\HUAWEI_Matebook_X_Pro_Core_Ultra_Premium_Edition_Camera_IPU6_64.22000.13.14550\HUAWEI_Matebook_X_Pro_Core_Ultra_Premium_Edition_Camera_IPU6_64.22000.13.14550\Camera_IPU6_64.22000.13.14550 C:\Users\georg\AppData\Local\Temp\MateBookDriverZipExtract_ir6i7e3x\HUAWEI_Matebook_X_Pro_Core_Ultra_Premium_Edition_Camera_IPU6_64.22000.13.14550\HUAWEI_Matebook_X_Pro_Core_Ultra_Premium_Edition_Camera_IPU6_64.22000.13.14550\HUAWEI_Matebook_X_Pro_Core_Ultra_Premium_Edition_Camera_IPU6_64.22000.13.14550\Camera_IPU6_64.22000.13.14550.exe
2026-02-16 18:50:56,654 [INFO] Command completed with exit code 0: D:\GitHub Projects\matebook-pro-usb-creator\tools\7zip-portable\7z.exe x -y -oC:\Users\georg\AppData\Local\Temp\MateBookDriverExeExtract_chjlzmel\exe_extracted\HUAWEI_Matebook_X_Pro_Core_Ultra_Premium_Edition_Camera_IPU6_64.22000.13.14550\HUAWEI_Matebook_X_Pro_Core_Ultra_Premium_Edition_Camera_IPU6_64.22000.13.14550\HUAWEI_Matebook_X_Pro_Core_Ultra_Premium_Edition_Camera_IPU6_64.22000.13.14550\Camera_IPU6_64.22000.13.14550 C:\Users\georg\AppData\Local\Temp\MateBookDriverZipExtract_ir6i7e3x\HUAWEI_Matebook_X_Pro_Core_Ultra_Premium_Edition_Camera_IPU6_64.22000.13.14550\HUAWEI_Matebook_X_Pro_Core_Ultra_Premium_Edition_Camera_IPU6_64.22000.13.14550\HUAWEI_Matebook_X_Pro_Core_Ultra_Premium_Edition_Camera_IPU6_64.22000.13.14550\Camera_IPU6_64.22000.13.14550.exe
2026-02-16 18:50:56,657 [INFO] Running command: D:\GitHub Projects\matebook-pro-usb-creator\tools\7zip-portable\7z.exe x -y -oC:\Users\georg\AppData\Local\Temp\MateBookDriverExeExtract_chjlzmel\exe_extracted\HUAWEI_Matebook_X_Pro_Core_Ultra_Premium_Edition_DTT_1.0.11406.42226\HUAWEI_Matebook_X_Pro_Core_Ultra_Premium_Edition_DTT_1.0.11406.42226\HUAWEI_Matebook_X_Pro_Core_Ultra_Premium_Edition_DTT_1.0.11406.42226\DTT_1.0.11406.42226 C:\Users\georg\AppData\Local\Temp\MateBookDriverZipExtract_ir6i7e3x\HUAWEI_Matebook_X_Pro_Core_Ultra_Premium_Edition_DTT_1.0.11406.42226\HUAWEI_Matebook_X_Pro_Core_Ultra_Premium_Edition_DTT_1.0.11406.42226\HUAWEI_Matebook_X_Pro_Core_Ultra_Premium_Edition_DTT_1.0.11406.42226\DTT_1.0.11406.42226.exe
2026-02-16 18:50:57,725 [INFO] Command completed with exit code 0: D:\GitHub Projects\matebook-pro-usb-creator\tools\7zip-portable\7z.exe x -y -oC:\Users\georg\AppData\Local\Temp\MateBookDriverExeExtract_chjlzmel\exe_extracted\HUAWEI_Matebook_X_Pro_Core_Ultra_Premium_Edition_DTT_1.0.11406.42226\HUAWEI_Matebook_X_Pro_Core_Ultra_Premium_Edition_DTT_1.0.11406.42226\HUAWEI_Matebook_X_Pro_Core_Ultra_Premium_Edition_DTT_1.0.11406.42226\DTT_1.0.11406.42226 C:\Users\georg\AppData\Local\Temp\MateBookDriverZipExtract_ir6i7e3x\HUAWEI_Matebook_X_Pro_Core_Ultra_Premium_Edition_DTT_1.0.11406.42226\HUAWEI_Matebook_X_Pro_Core_Ultra_Premium_Edition_DTT_1.0.11406.42226\HUAWEI_Matebook_X_Pro_Core_Ultra_Premium_Edition_DTT_1.0.11406.42226\DTT_1.0.11406.42226.exe
2026-02-16 18:50:57,727 [INFO] Running command: D:\GitHub Projects\matebook-pro-usb-creator\tools\7zip-portable\7z.exe x -y -oC:\Users\georg\AppData\Local\Temp\MateBookDriverExeExtract_chjlzmel\exe_extracted\HUAWEI_Matebook_X_Pro_Core_Ultra_Premium_Edition_Graphics_31.0.101.5382\HUAWEI_Matebook_X_Pro_Core_Ultra_Premium_Edition_Graphics_31.0.101.5382\HUAWEI_Matebook_X_Pro_Core_Ultra_Premium_Edition_Graphics_31.0.101.5382\Graphics_31.0.101.5382 C:\Users\georg\AppData\Local\Temp\MateBookDriverZipExtract_ir6i7e3x\HUAWEI_Matebook_X_Pro_Core_Ultra_Premium_Edition_Graphics_31.0.101.5382\HUAWEI_Matebook_X_Pro_Core_Ultra_Premium_Edition_Graphics_31.0.101.5382\HUAWEI_Matebook_X_Pro_Core_Ultra_Premium_Edition_Graphics_31.0.101.5382\Graphics_31.0.101.5382.exe
2026-02-16 18:51:08,388 [INFO] Command completed with exit code 0: D:\GitHub Projects\matebook-pro-usb-creator\tools\7zip-portable\7z.exe x -y -oC:\Users\georg\AppData\Local\Temp\MateBookDriverExeExtract_chjlzmel\exe_extracted\HUAWEI_Matebook_X_Pro_Core_Ultra_Premium_Edition_Graphics_31.0.101.5382\HUAWEI_Matebook_X_Pro_Core_Ultra_Premium_Edition_Graphics_31.0.101.5382\HUAWEI_Matebook_X_Pro_Core_Ultra_Premium_Edition_Graphics_31.0.101.5382\Graphics_31.0.101.5382 C:\Users\georg\AppData\Local\Temp\MateBookDriverZipExtract_ir6i7e3x\HUAWEI_Matebook_X_Pro_Core_Ultra_Premium_Edition_Graphics_31.0.101.5382\HUAWEI_Matebook_X_Pro_Core_Ultra_Premium_Edition_Graphics_31.0.101.5382\HUAWEI_Matebook_X_Pro_Core_Ultra_Premium_Edition_Graphics_31.0.101.5382\Graphics_31.0.101.5382.exe
2026-02-16 18:51:08,391 [INFO] Running command: D:\GitHub Projects\matebook-pro-usb-creator\tools\7zip-portable\7z.exe x -y -oC:\Users\georg\AppData\Local\Temp\MateBookDriverExeExtract_chjlzmel\exe_extracted\HUAWEI_Matebook_X_Pro_Core_Ultra_Premium_Edition_ISST_20.40.10495.4\HUAWEI_Matebook_X_Pro_Core_Ultra_Premium_Edition_ISST_20.40.10495.4\HUAWEI_Matebook_X_Pro_Core_Ultra_Premium_Edition_ISST_20.40.10495.4\ISST_20.40.10495.4 C:\Users\georg\AppData\Local\Temp\MateBookDriverZipExtract_ir6i7e3x\HUAWEI_Matebook_X_Pro_Core_Ultra_Premium_Edition_ISST_20.40.10495.4\HUAWEI_Matebook_X_Pro_Core_Ultra_Premium_Edition_ISST_20.40.10495.4\HUAWEI_Matebook_X_Pro_Core_Ultra_Premium_Edition_ISST_20.40.10495.4\ISST_20.40.10495.4.exe
2026-02-16 18:51:10,342 [INFO] Command completed with exit code 0: D:\GitHub Projects\matebook-pro-usb-creator\tools\7zip-portable\7z.exe x -y -oC:\Users\georg\AppData\Local\Temp\MateBookDriverExeExtract_chjlzmel\exe_extracted\HUAWEI_Matebook_X_Pro_Core_Ultra_Premium_Edition_ISST_20.40.10495.4\HUAWEI_Matebook_X_Pro_Core_Ultra_Premium_Edition_ISST_20.40.10495.4\HUAWEI_Matebook_X_Pro_Core_Ultra_Premium_Edition_ISST_20.40.10495.4\ISST_20.40.10495.4 C:\Users\georg\AppData\Local\Temp\MateBookDriverZipExtract_ir6i7e3x\HUAWEI_Matebook_X_Pro_Core_Ultra_Premium_Edition_ISST_20.40.10495.4\HUAWEI_Matebook_X_Pro_Core_Ultra_Premium_Edition_ISST_20.40.10495.4\HUAWEI_Matebook_X_Pro_Core_Ultra_Premium_Edition_ISST_20.40.10495.4\ISST_20.40.10495.4.exe
2026-02-16 18:51:10,346 [INFO] Running command: D:\GitHub Projects\matebook-pro-usb-creator\tools\7zip-portable\7z.exe x -y -oC:\Users\georg\AppData\Local\Temp\MateBookDriverExeExtract_chjlzmel\exe_extracted\HUAWEI_Matebook_X_Pro_Core_Ultra_Premium_Edition_ME_2345.5.3.0\HUAWEI_Matebook_X_Pro_Core_Ultra_Premium_Edition_ME_2345.5.3.0\HUAWEI_Matebook_X_Pro_Core_Ultra_Premium_Edition_ME_2345.5.3.0\ME_2345.5.3.0 C:\Users\georg\AppData\Local\Temp\MateBookDriverZipExtract_ir6i7e3x\HUAWEI_Matebook_X_Pro_Core_Ultra_Premium_Edition_ME_2345.5.3.0\HUAWEI_Matebook_X_Pro_Core_Ultra_Premium_Edition_ME_2345.5.3.0\HUAWEI_Matebook_X_Pro_Core_Ultra_Premium_Edition_ME_2345.5.3.0\ME_2345.5.3.0.exe
2026-02-16 18:51:11,844 [INFO] Command completed with exit code 0: D:\GitHub Projects\matebook-pro-usb-creator\tools\7zip-portable\7z.exe x -y -oC:\Users\georg\AppData\Local\Temp\MateBookDriverExeExtract_chjlzmel\exe_extracted\HUAWEI_Matebook_X_Pro_Core_Ultra_Premium_Edition_ME_2345.5.3.0\HUAWEI_Matebook_X_Pro_Core_Ultra_Premium_Edition_ME_2345.5.3.0\HUAWEI_Matebook_X_Pro_Core_Ultra_Premium_Edition_ME_2345.5.3.0\ME_2345.5.3.0 C:\Users\georg\AppData\Local\Temp\MateBookDriverZipExtract_ir6i7e3x\HUAWEI_Matebook_X_Pro_Core_Ultra_Premium_Edition_ME_2345.5.3.0\HUAWEI_Matebook_X_Pro_Core_Ultra_Premium_Edition_ME_2345.5.3.0\HUAWEI_Matebook_X_Pro_Core_Ultra_Premium_Edition_ME_2345.5.3.0\ME_2345.5.3.0.exe
2026-02-16 18:51:11,847 [INFO] Running command: D:\GitHub Projects\matebook-pro-usb-creator\tools\7zip-portable\7z.exe x -y -oC:\Users\georg\AppData\Local\Temp\MateBookDriverExeExtract_chjlzmel\exe_extracted\HUAWEI_Matebook_X_Pro_Core_Ultra_Premium_Edition_Monitor_23.12.14.1\HUAWEI_Matebook_X_Pro_Core_Ultra_Premium_Edition_Monitor_23.12.14.1\HUAWEI_Matebook_X_Pro_Core_Ultra_Premium_Edition_Monitor_23.12.14.1\Monitor_23.12.14.1 C:\Users\georg\AppData\Local\Temp\MateBookDriverZipExtract_ir6i7e3x\HUAWEI_Matebook_X_Pro_Core_Ultra_Premium_Edition_Monitor_23.12.14.1\HUAWEI_Matebook_X_Pro_Core_Ultra_Premium_Edition_Monitor_23.12.14.1\HUAWEI_Matebook_X_Pro_Core_Ultra_Premium_Edition_Monitor_23.12.14.1\Monitor_23.12.14.1.exe
2026-02-16 18:51:12,423 [INFO] Command completed with exit code 0: D:\GitHub Projects\matebook-pro-usb-creator\tools\7zip-portable\7z.exe x -y -oC:\Users\georg\AppData\Local\Temp\MateBookDriverExeExtract_chjlzmel\exe_extracted\HUAWEI_Matebook_X_Pro_Core_Ultra_Premium_Edition_Monitor_23.12.14.1\HUAWEI_Matebook_X_Pro_Core_Ultra_Premium_Edition_Monitor_23.12.14.1\HUAWEI_Matebook_X_Pro_Core_Ultra_Premium_Edition_Monitor_23.12.14.1\Monitor_23.12.14.1 C:\Users\georg\AppData\Local\Temp\MateBookDriverZipExtract_ir6i7e3x\HUAWEI_Matebook_X_Pro_Core_Ultra_Premium_Edition_Monitor_23.12.14.1\HUAWEI_Matebook_X_Pro_Core_Ultra_Premium_Edition_Monitor_23.12.14.1\HUAWEI_Matebook_X_Pro_Core_Ultra_Premium_Edition_Monitor_23.12.14.1\Monitor_23.12.14.1.exe
2026-02-16 18:51:12,427 [INFO] Running command: D:\GitHub Projects\matebook-pro-usb-creator\tools\7zip-portable\7z.exe x -y -oC:\Users\georg\AppData\Local\Temp\MateBookDriverExeExtract_chjlzmel\exe_extracted\HUAWEI_Matebook_X_Pro_Core_Ultra_Premium_Edition_NPU_31.0.100.2016\HUAWEI_Matebook_X_Pro_Core_Ultra_Premium_Edition_NPU_31.0.100.2016\HUAWEI_Matebook_X_Pro_Core_Ultra_Premium_Edition_NPU_31.0.100.2016\NPU_31.0.100.2016 C:\Users\georg\AppData\Local\Temp\MateBookDriverZipExtract_ir6i7e3x\HUAWEI_Matebook_X_Pro_Core_Ultra_Premium_Edition_NPU_31.0.100.2016\HUAWEI_Matebook_X_Pro_Core_Ultra_Premium_Edition_NPU_31.0.100.2016\HUAWEI_Matebook_X_Pro_Core_Ultra_Premium_Edition_NPU_31.0.100.2016\NPU_31.0.100.2016.exe
2026-02-16 18:51:15,204 [INFO] Command completed with exit code 0: D:\GitHub Projects\matebook-pro-usb-creator\tools\7zip-portable\7z.exe x -y -oC:\Users\georg\AppData\Local\Temp\MateBookDriverExeExtract_chjlzmel\exe_extracted\HUAWEI_Matebook_X_Pro_Core_Ultra_Premium_Edition_NPU_31.0.100.2016\HUAWEI_Matebook_X_Pro_Core_Ultra_Premium_Edition_NPU_31.0.100.2016\HUAWEI_Matebook_X_Pro_Core_Ultra_Premium_Edition_NPU_31.0.100.2016\NPU_31.0.100.2016 C:\Users\georg\AppData\Local\Temp\MateBookDriverZipExtract_ir6i7e3x\HUAWEI_Matebook_X_Pro_Core_Ultra_Premium_Edition_NPU_31.0.100.2016\HUAWEI_Matebook_X_Pro_Core_Ultra_Premium_Edition_NPU_31.0.100.2016\HUAWEI_Matebook_X_Pro_Core_Ultra_Premium_Edition_NPU_31.0.100.2016\NPU_31.0.100.2016.exe
2026-02-16 18:51:15,206 [INFO] Running command: D:\GitHub Projects\matebook-pro-usb-creator\tools\7zip-portable\7z.exe x -y -oC:\Users\georg\AppData\Local\Temp\MateBookDriverExeExtract_chjlzmel\exe_extracted\HUAWEI_Matebook_X_Pro_Core_Ultra_Premium_Edition_SenaryAudio_3.49.1.9\HUAWEI_Matebook_X_Pro_Core_Ultra_Premium_Edition_SenaryAudio_3.49.1.9\HUAWEI_Matebook_X_Pro_Core_Ultra_Premium_Edition_SenaryAudio_3.49.1.9\SenaryAudio_3.49.1.9 C:\Users\georg\AppData\Local\Temp\MateBookDriverZipExtract_ir6i7e3x\HUAWEI_Matebook_X_Pro_Core_Ultra_Premium_Edition_SenaryAudio_3.49.1.9\HUAWEI_Matebook_X_Pro_Core_Ultra_Premium_Edition_SenaryAudio_3.49.1.9\HUAWEI_Matebook_X_Pro_Core_Ultra_Premium_Edition_SenaryAudio_3.49.1.9\SenaryAudio_3.49.1.9.exe
2026-02-16 18:51:18,063 [INFO] Command completed with exit code 0: D:\GitHub Projects\matebook-pro-usb-creator\tools\7zip-portable\7z.exe x -y -oC:\Users\georg\AppData\Local\Temp\MateBookDriverExeExtract_chjlzmel\exe_extracted\HUAWEI_Matebook_X_Pro_Core_Ultra_Premium_Edition_SenaryAudio_3.49.1.9\HUAWEI_Matebook_X_Pro_Core_Ultra_Premium_Edition_SenaryAudio_3.49.1.9\HUAWEI_Matebook_X_Pro_Core_Ultra_Premium_Edition_SenaryAudio_3.49.1.9\SenaryAudio_3.49.1.9 C:\Users\georg\AppData\Local\Temp\MateBookDriverZipExtract_ir6i7e3x\HUAWEI_Matebook_X_Pro_Core_Ultra_Premium_Edition_SenaryAudio_3.49.1.9\HUAWEI_Matebook_X_Pro_Core_Ultra_Premium_Edition_SenaryAudio_3.49.1.9\HUAWEI_Matebook_X_Pro_Core_Ultra_Premium_Edition_SenaryAudio_3.49.1.9\SenaryAudio_3.49.1.9.exe
2026-02-16 18:51:18,067 [INFO] Running command: D:\GitHub Projects\matebook-pro-usb-creator\tools\7zip-portable\7z.exe x -y -oC:\Users\georg\AppData\Local\Temp\MateBookDriverExeExtract_chjlzmel\exe_extracted\HUAWEI_Matebook_X_Pro_Core_Ultra_Premium_Edition_SerialIO_30.100.2318.58\HUAWEI_Matebook_X_Pro_Core_Ultra_Premium_Edition_SerialIO_30.100.2318.58\HUAWEI_Matebook_X_Pro_Core_Ultra_Premium_Edition_SerialIO_30.100.2318.58\SerialIO_30.100.2318.58 C:\Users\georg\AppData\Local\Temp\MateBookDriverZipExtract_ir6i7e3x\HUAWEI_Matebook_X_Pro_Core_Ultra_Premium_Edition_SerialIO_30.100.2318.58\HUAWEI_Matebook_X_Pro_Core_Ultra_Premium_Edition_SerialIO_30.100.2318.58\HUAWEI_Matebook_X_Pro_Core_Ultra_Premium_Edition_SerialIO_30.100.2318.58\SerialIO_30.100.2318.58.exe
2026-02-16 18:51:19,142 [INFO] Command completed with exit code 0: D:\GitHub Projects\matebook-pro-usb-creator\tools\7zip-portable\7z.exe x -y -oC:\Users\georg\AppData\Local\Temp\MateBookDriverExeExtract_chjlzmel\exe_extracted\HUAWEI_Matebook_X_Pro_Core_Ultra_Premium_Edition_SerialIO_30.100.2318.58\HUAWEI_Matebook_X_Pro_Core_Ultra_Premium_Edition_SerialIO_30.100.2318.58\HUAWEI_Matebook_X_Pro_Core_Ultra_Premium_Edition_SerialIO_30.100.2318.58\SerialIO_30.100.2318.58 C:\Users\georg\AppData\Local\Temp\MateBookDriverZipExtract_ir6i7e3x\HUAWEI_Matebook_X_Pro_Core_Ultra_Premium_Edition_SerialIO_30.100.2318.58\HUAWEI_Matebook_X_Pro_Core_Ultra_Premium_Edition_SerialIO_30.100.2318.58\HUAWEI_Matebook_X_Pro_Core_Ultra_Premium_Edition_SerialIO_30.100.2318.58\SerialIO_30.100.2318.58.exe
2026-02-16 18:51:19,155 [INFO] Running command: D:\GitHub Projects\matebook-pro-usb-creator\tools\7zip-portable\7z.exe x -y -oC:\Users\georg\AppData\Local\Temp\MateBookDriverExeExtract_chjlzmel\exe_extracted\HUAWEI_Matebook_X_Pro_Core_Ultra_Premium_Edition_WDT_1.0.3.27\HUAWEI_Matebook_X_Pro_Core_Ultra_Premium_Edition_WDT_1.0.3.27\HUAWEI_Matebook_X_Pro_Core_Ultra_Premium_Edition_WDT_1.0.3.27\WDT_1.0.3.27 C:\Users\georg\AppData\Local\Temp\MateBookDriverZipExtract_ir6i7e3x\HUAWEI_Matebook_X_Pro_Core_Ultra_Premium_Edition_WDT_1.0.3.27\HUAWEI_Matebook_X_Pro_Core_Ultra_Premium_Edition_WDT_1.0.3.27\HUAWEI_Matebook_X_Pro_Core_Ultra_Premium_Edition_WDT_1.0.3.27\WDT_1.0.3.27.exe
2026-02-16 18:51:19,745 [INFO] Command completed with exit code 0: D:\GitHub Projects\matebook-pro-usb-creator\tools\7zip-portable\7z.exe x -y -oC:\Users\georg\AppData\Local\Temp\MateBookDriverExeExtract_chjlzmel\exe_extracted\HUAWEI_Matebook_X_Pro_Core_Ultra_Premium_Edition_WDT_1.0.3.27\HUAWEI_Matebook_X_Pro_Core_Ultra_Premium_Edition_WDT_1.0.3.27\HUAWEI_Matebook_X_Pro_Core_Ultra_Premium_Edition_WDT_1.0.3.27\WDT_1.0.3.27 C:\Users\georg\AppData\Local\Temp\MateBookDriverZipExtract_ir6i7e3x\HUAWEI_Matebook_X_Pro_Core_Ultra_Premium_Edition_WDT_1.0.3.27\HUAWEI_Matebook_X_Pro_Core_Ultra_Premium_Edition_WDT_1.0.3.27\HUAWEI_Matebook_X_Pro_Core_Ultra_Premium_Edition_WDT_1.0.3.27\WDT_1.0.3.27.exe
2026-02-16 18:51:19,747 [INFO] Running command: D:\GitHub Projects\matebook-pro-usb-creator\tools\7zip-portable\7z.exe x -y -oC:\Users\georg\AppData\Local\Temp\MateBookDriverExeExtract_chjlzmel\exe_extracted\HUAWEI_Matebook_X_Pro_Core_Ultra_Premium_Edition_WiFi_23.40.0.4 (1)\HUAWEI_Matebook_X_Pro_Core_Ultra_Premium_Edition_WiFi_23.40.0.4\HUAWEI_Matebook_X_Pro_Core_Ultra_Premium_Edition_WiFi_23.40.0.4\WiFi_23.40.0.4 C:\Users\georg\AppData\Local\Temp\MateBookDriverZipExtract_ir6i7e3x\HUAWEI_Matebook_X_Pro_Core_Ultra_Premium_Edition_WiFi_23.40.0.4 (1)\HUAWEI_Matebook_X_Pro_Core_Ultra_Premium_Edition_WiFi_23.40.0.4\HUAWEI_Matebook_X_Pro_Core_Ultra_Premium_Edition_WiFi_23.40.0.4\WiFi_23.40.0.4.exe
2026-02-16 18:51:22,274 [INFO] Command completed with exit code 0: D:\GitHub Projects\matebook-pro-usb-creator\tools\7zip-portable\7z.exe x -y -oC:\Users\georg\AppData\Local\Temp\MateBookDriverExeExtract_chjlzmel\exe_extracted\HUAWEI_Matebook_X_Pro_Core_Ultra_Premium_Edition_WiFi_23.40.0.4 (1)\HUAWEI_Matebook_X_Pro_Core_Ultra_Premium_Edition_WiFi_23.40.0.4\HUAWEI_Matebook_X_Pro_Core_Ultra_Premium_Edition_WiFi_23.40.0.4\WiFi_23.40.0.4 C:\Users\georg\AppData\Local\Temp\MateBookDriverZipExtract_ir6i7e3x\HUAWEI_Matebook_X_Pro_Core_Ultra_Premium_Edition_WiFi_23.40.0.4 (1)\HUAWEI_Matebook_X_Pro_Core_Ultra_Premium_Edition_WiFi_23.40.0.4\HUAWEI_Matebook_X_Pro_Core_Ultra_Premium_Edition_WiFi_23.40.0.4\WiFi_23.40.0.4.exe
2026-02-16 18:51:22,277 [INFO] Running command: D:\GitHub Projects\matebook-pro-usb-creator\tools\7zip-portable\7z.exe x -y -oC:\Users\georg\AppData\Local\Temp\MateBookDriverExeExtract_chjlzmel\exe_extracted\HUAWEI_Matebook_X_Pro_Core_Ultra_Premium_Edition_WiFi_23.40.0.4\HUAWEI_Matebook_X_Pro_Core_Ultra_Premium_Edition_WiFi_23.40.0.4\HUAWEI_Matebook_X_Pro_Core_Ultra_Premium_Edition_WiFi_23.40.0.4\WiFi_23.40.0.4 C:\Users\georg\AppData\Local\Temp\MateBookDriverZipExtract_ir6i7e3x\HUAWEI_Matebook_X_Pro_Core_Ultra_Premium_Edition_WiFi_23.40.0.4\HUAWEI_Matebook_X_Pro_Core_Ultra_Premium_Edition_WiFi_23.40.0.4\HUAWEI_Matebook_X_Pro_Core_Ultra_Premium_Edition_WiFi_23.40.0.4\WiFi_23.40.0.4.exe
2026-02-16 18:51:25,263 [INFO] Command completed with exit code 0: D:\GitHub Projects\matebook-pro-usb-creator\tools\7zip-portable\7z.exe x -y -oC:\Users\georg\AppData\Local\Temp\MateBookDriverExeExtract_chjlzmel\exe_extracted\HUAWEI_Matebook_X_Pro_Core_Ultra_Premium_Edition_WiFi_23.40.0.4\HUAWEI_Matebook_X_Pro_Core_Ultra_Premium_Edition_WiFi_23.40.0.4\HUAWEI_Matebook_X_Pro_Core_Ultra_Premium_Edition_WiFi_23.40.0.4\WiFi_23.40.0.4 C:\Users\georg\AppData\Local\Temp\MateBookDriverZipExtract_ir6i7e3x\HUAWEI_Matebook_X_Pro_Core_Ultra_Premium_Edition_WiFi_23.40.0.4\HUAWEI_Matebook_X_Pro_Core_Ultra_Premium_Edition_WiFi_23.40.0.4\HUAWEI_Matebook_X_Pro_Core_Ultra_Premium_Edition_WiFi_23.40.0.4\WiFi_23.40.0.4.exe
2026-02-16 18:51:25,278 [INFO] Running command: dism.exe /Online /Export-Driver /Destination:C:\Users\georg\AppData\Local\Temp\MateBookOnlineDriverExport_565q_6s5\online_exported_drivers
2026-02-16 18:51:30,244 [INFO] Command completed with exit code 0: dism.exe /Online /Export-Driver /Destination:C:\Users\georg\AppData\Local\Temp\MateBookOnlineDriverExport_565q_6s5\online_exported_drivers
2026-02-16 18:51:30,389 [INFO] No Wi-Fi INF package matched detection rules. Proceeding without Wi-Fi-specific post-injection verification.
2026-02-16 18:51:30,389 [INFO] Running command: powershell.exe -NoProfile -ExecutionPolicy Bypass -Command $partition = Get-Partition -DriveLetter 'E' -ErrorAction Stop; $disk = Get-Disk -Number $partition.DiskNumber -ErrorAction Stop; [PSCustomObject]@{ BusType=[string]$disk.BusType } | ConvertTo-Json -Compress
2026-02-16 18:51:39,037 [INFO] Command completed with exit code 0: powershell.exe -NoProfile -ExecutionPolicy Bypass -Command $partition = Get-Partition -DriveLetter 'E' -ErrorAction Stop; $disk = Get-Disk -Number $partition.DiskNumber -ErrorAction Stop; [PSCustomObject]@{ BusType=[string]$disk.BusType } | ConvertTo-Json -Compress
2026-02-16 18:51:39,037 [INFO] Running command: powershell.exe -NoProfile -ExecutionPolicy Bypass -Command Format-Volume -DriveLetter 'E' -FileSystem NTFS -NewFileSystemLabel 'WIN11USB' -Confirm:$false -Force | Out-Null
2026-02-16 18:51:53,155 [INFO] Command completed with exit code 0: powershell.exe -NoProfile -ExecutionPolicy Bypass -Command Format-Volume -DriveLetter 'E' -FileSystem NTFS -NewFileSystemLabel 'WIN11USB' -Confirm:$false -Force | Out-Null
2026-02-16 18:51:53,155 [INFO] Running command: powershell.exe -NoProfile -ExecutionPolicy Bypass -Command Mount-DiskImage -ImagePath 'C:\Users\georg\Downloads\Win11_25H2_EnglishInternational_x64.iso' -ErrorAction Stop | Out-Null
2026-02-16 18:52:02,352 [INFO] Command completed with exit code 0: powershell.exe -NoProfile -ExecutionPolicy Bypass -Command Mount-DiskImage -ImagePath 'C:\Users\georg\Downloads\Win11_25H2_EnglishInternational_x64.iso' -ErrorAction Stop | Out-Null
2026-02-16 18:52:02,352 [INFO] Running command: powershell.exe -NoProfile -ExecutionPolicy Bypass -Command (Get-DiskImage -ImagePath 'C:\Users\georg\Downloads\Win11_25H2_EnglishInternational_x64.iso' | Get-Volume | Select-Object -First 1 -ExpandProperty DriveLetter)
2026-02-16 18:52:10,837 [INFO] Command completed with exit code 0: powershell.exe -NoProfile -ExecutionPolicy Bypass -Command (Get-DiskImage -ImagePath 'C:\Users\georg\Downloads\Win11_25H2_EnglishInternational_x64.iso' | Get-Volume | Select-Object -First 1 -ExpandProperty DriveLetter)
2026-02-16 18:52:10,837 [INFO] Running command: robocopy.exe H:\ E:\ *.* /E /R:1 /W:1 /COPY:DAT /DCOPY:DAT /TEE /NP
2026-02-16 18:55:36,866 [INFO] Command completed with exit code 3: robocopy.exe H:\ E:\ *.* /E /R:1 /W:1 /COPY:DAT /DCOPY:DAT /TEE /NP
2026-02-16 18:55:36,868 [INFO] Running command: robocopy.exe C:\Users\georg\AppData\Local\Temp\MateBookOnlineDriverExport_565q_6s5\online_exported_drivers E:\MateBook-Drivers *.* /E /R:1 /W:1 /COPY:DAT /DCOPY:DAT /TEE /NP
2026-02-16 18:57:25,283 [INFO] Command completed with exit code 1: robocopy.exe C:\Users\georg\AppData\Local\Temp\MateBookOnlineDriverExport_565q_6s5\online_exported_drivers E:\MateBook-Drivers *.* /E /R:1 /W:1 /COPY:DAT /DCOPY:DAT /TEE /NP
2026-02-16 18:57:25,287 [INFO] Running command: robocopy.exe D:\Matebook Drivers E:\MateBook-Drivers-Source *.* /E /R:1 /W:1 /COPY:DAT /DCOPY:DAT /TEE /NP
2026-02-16 18:57:52,420 [INFO] Command completed with exit code 1: robocopy.exe D:\Matebook Drivers E:\MateBook-Drivers-Source *.* /E /R:1 /W:1 /COPY:DAT /DCOPY:DAT /TEE /NP
2026-02-16 18:57:52,421 [INFO] Running command: dism.exe /English /Get-WimInfo /WimFile:E:\sources\boot.wim
2026-02-16 18:57:52,489 [INFO] Command completed with exit code 0: dism.exe /English /Get-WimInfo /WimFile:E:\sources\boot.wim
2026-02-16 18:57:52,510 [INFO] Running command: dism.exe /Mount-Image /ImageFile:E:\sources\boot.wim /Index:2 /MountDir:C:\Users\georg\AppData\Local\Temp\MateBookUsbCreator_zepzrw77\Mount
2026-02-16 18:57:52,565 [INFO] Command failed with exit code 3243311377: dism.exe /Mount-Image /ImageFile:E:\sources\boot.wim /Index:2 /MountDir:C:\Users\georg\AppData\Local\Temp\MateBookUsbCreator_zepzrw77\Mount
2026-02-16 18:57:52,565 [INFO] Running command: powershell.exe -NoProfile -ExecutionPolicy Bypass -Command Dismount-DiskImage -ImagePath 'C:\Users\georg\Downloads\Win11_25H2_EnglishInternational_x64.iso' -ErrorAction SilentlyContinue | Out-Null
2026-02-16 18:58:00,421 [INFO] Command completed with exit code 0: powershell.exe -NoProfile -ExecutionPolicy Bypass -Command Dismount-DiskImage -ImagePath 'C:\Users\georg\Downloads\Win11_25H2_EnglishInternational_x64.iso' -ErrorAction SilentlyContinue | Out-Null
2026-02-16 18:58:00,421 [INFO] Running command: dism.exe /Cleanup-Wim
2026-02-16 18:58:00,735 [INFO] Command completed with exit code 0: dism.exe /Cleanup-Wim
2026-02-16 18:58:01,598 [INFO] USB creation cleanup finished.
2026-02-16 18:58:01,598 [ERROR] Worker thread failed.
Traceback (most recent call last):
  File "D:\GitHub Projects\matebook-pro-usb-creator\Create-MateBookWin11Usb.py", line 1482, in _run_creation_worker
    invoke_usb_creation(
    ~~~~~~~~~~~~~~~~~~~^
        iso_path=iso_path,
        ^^^^^^^^^^^^^^^^^^
    ...<2 lines>...
        on_progress=progress_callback,
        ^^^^^^^^^^^^^^^^^^^^^^^^^^^^^^
    )
    ^
  File "D:\GitHub Projects\matebook-pro-usb-creator\Create-MateBookWin11Usb.py", line 1233, in invoke_usb_creation
    add_drivers_to_wim(
    ~~~~~~~~~~~~~~~~~~^
        wim_path=str(boot_wim),
        ^^^^^^^^^^^^^^^^^^^^^^^
    ...<8 lines>...
        on_progress=on_progress,
        ^^^^^^^^^^^^^^^^^^^^^^^^
    )
    ^
  File "D:\GitHub Projects\matebook-pro-usb-creator\Create-MateBookWin11Usb.py", line 676, in add_drivers_to_wim
    run_command(
    ~~~~~~~~~~~^
        "dism.exe",
        ^^^^^^^^^^^
    ...<7 lines>...
        ),
        ^^
    )
    ^
  File "D:\GitHub Projects\matebook-pro-usb-creator\Create-MateBookWin11Usb.py", line 219, in run_command
    raise CommandError(
        f"{error_message}\nExit code: {exit_code}\nCommand: {file_path} {' '.join(arguments)}\n{tail}"
    )
CommandError: boot.wim index 2 mount failed
Exit code: 3243311377
Command: dism.exe /Mount-Image /ImageFile:E:\sources\boot.wim /Index:2 /MountDir:C:\Users\georg\AppData\Local\Temp\MateBookUsbCreator_zepzrw77\Mount

Deployment Image Servicing and Management tool
Version: 10.0.26100.5074


Error: 0xc1510111

You do not have permissions to mount and modify this image.
Verify that you have Read/Write permissions or mount the image using the /ReadOnly option. Note that you cannot commit changes to an image with read-only permissions.

The DISM log file can be found at C:\WINDOWS\Logs\DISM\dism.log
2026-02-16 19:08:47,978 [INFO] ----- Session start -----
2026-02-16 19:08:47,979 [INFO] Process start. pid=33284 argv=['.\\Create-MateBookWin11Usb.py'] cwd=D:\GitHub Projects\matebook-pro-usb-creator exe=C:\Users\georg\AppData\Local\Microsoft\WindowsApps\PythonSoftwareFoundation.Python.3.13_qbz5n2kfra8p0\python.exe
2026-02-16 19:08:47,979 [INFO] Administrative privileges detected: False
2026-02-16 19:08:47,979 [INFO] Requesting UAC elevation. Executable=C:\Users\georg\AppData\Local\Microsoft\WindowsApps\PythonSoftwareFoundation.Python.3.13_qbz5n2kfra8p0\python.exe Script=D:\GitHub Projects\matebook-pro-usb-creator\Create-MateBookWin11Usb.py Cwd=D:\GitHub Projects\matebook-pro-usb-creator
2026-02-16 19:08:50,244 [INFO] Elevation requested successfully. Exiting unelevated parent process.
2026-02-16 19:08:50,520 [INFO] ----- Session start -----
2026-02-16 19:08:50,520 [INFO] Process start. pid=2752 argv=['D:\\GitHub Projects\\matebook-pro-usb-creator\\Create-MateBookWin11Usb.py'] cwd=D:\GitHub Projects\matebook-pro-usb-creator exe=C:\Users\georg\AppData\Local\Microsoft\WindowsApps\PythonSoftwareFoundation.Python.3.13_qbz5n2kfra8p0\python.exe
2026-02-16 19:08:50,521 [INFO] Administrative privileges detected: True
2026-02-16 19:08:50,606 [INFO] Running command: powershell.exe -NoProfile -ExecutionPolicy Bypass -Command 
    $items = @()
    Get-Partition | Where-Object { $_.DriveLetter } | Sort-Object DriveLetter | ForEach-Object {
        try {
            $disk = Get-Disk -Number $_.DiskNumber -ErrorAction Stop
            if ($disk.BusType -ne 'USB') { return }
            $volume = Get-Volume -DriveLetter $_.DriveLetter -ErrorAction SilentlyContinue
            $label = if ($volume -and $volume.FileSystemLabel) { $volume.FileSystemLabel } else { 'NoLabel' }
            $model = if ($disk.FriendlyName) { $disk.FriendlyName } else { 'USB Drive' }
            $items += [PSCustomObject]@{
                DriveLetter = [string]$_.DriveLetter
                SizeGB = [Math]::Round(($_.Size / 1GB), 1)
                Label = $label
                Model = $model
            }
        }
        catch {}
    }
    $items | ConvertTo-Json -Compress
    
2026-02-16 19:09:00,237 [INFO] Command completed with exit code 0: powershell.exe -NoProfile -ExecutionPolicy Bypass -Command 
    $items = @()
    Get-Partition | Where-Object { $_.DriveLetter } | Sort-Object DriveLetter | ForEach-Object {
        try {
            $disk = Get-Disk -Number $_.DiskNumber -ErrorAction Stop
            if ($disk.BusType -ne 'USB') { return }
            $volume = Get-Volume -DriveLetter $_.DriveLetter -ErrorAction SilentlyContinue
            $label = if ($volume -and $volume.FileSystemLabel) { $volume.FileSystemLabel } else { 'NoLabel' }
            $model = if ($disk.FriendlyName) { $disk.FriendlyName } else { 'USB Drive' }
            $items += [PSCustomObject]@{
                DriveLetter = [string]$_.DriveLetter
                SizeGB = [Math]::Round(($_.Size / 1GB), 1)
                Label = $label
                Model = $model
            }
        }
        catch {}
    }
    $items | ConvertTo-Json -Compress
    
2026-02-16 19:09:00,238 [INFO] GUI created successfully. Entering Tk main loop.
2026-02-16 19:09:05,519 [INFO] Worker thread started. iso_path=C:\Users\georg\Downloads\Win11_25H2_EnglishInternational_x64.iso drivers_path=D:\Matebook Drivers drive_letter=E
2026-02-16 19:09:05,521 [INFO] USB creation started. iso_path=C:\Users\georg\Downloads\Win11_25H2_EnglishInternational_x64.iso drivers_path=D:\Matebook Drivers target_drive=E: work_root=C:\Users\georg\AppData\Local\Temp\MateBookUsbCreator_hfggt_am
2026-02-16 19:09:05,552 [INFO] Extracting 15 driver zip archive(s) into: C:\Users\georg\AppData\Local\Temp\MateBookDriverZipExtract_cur9wwv4
2026-02-16 19:09:09,658 [INFO] Using 7-Zip at D:\GitHub Projects\matebook-pro-usb-creator\tools\7zip-portable\7z.exe to extract 15 EXE installer(s).
2026-02-16 19:09:09,659 [INFO] Running command: D:\GitHub Projects\matebook-pro-usb-creator\tools\7zip-portable\7z.exe x -y -oC:\Users\georg\AppData\Local\Temp\MateBookDriverExeExtract_u_1jjvpn\exe_extracted\HUAWEI Matebook X Pro Core Ultra Premium Edition_AICamera-DMFTDriver_1.0.0.11\HUAWEI Matebook X Pro Core Ultra Premium Edition_AICamera-DMFTDriver_1.0.0.11\HUAWEI Matebook X Pro Core Ultra Premium Edition_AICamera-DMFTDriver_1.0.0.11\AICamera-DMFTDriver_1.0.0.11 C:\Users\georg\AppData\Local\Temp\MateBookDriverZipExtract_cur9wwv4\HUAWEI Matebook X Pro Core Ultra Premium Edition_AICamera-DMFTDriver_1.0.0.11\HUAWEI Matebook X Pro Core Ultra Premium Edition_AICamera-DMFTDriver_1.0.0.11\HUAWEI Matebook X Pro Core Ultra Premium Edition_AICamera-DMFTDriver_1.0.0.11\AICamera-DMFTDriver_1.0.0.11.exe
2026-02-16 19:09:10,510 [INFO] Command completed with exit code 0: D:\GitHub Projects\matebook-pro-usb-creator\tools\7zip-portable\7z.exe x -y -oC:\Users\georg\AppData\Local\Temp\MateBookDriverExeExtract_u_1jjvpn\exe_extracted\HUAWEI Matebook X Pro Core Ultra Premium Edition_AICamera-DMFTDriver_1.0.0.11\HUAWEI Matebook X Pro Core Ultra Premium Edition_AICamera-DMFTDriver_1.0.0.11\HUAWEI Matebook X Pro Core Ultra Premium Edition_AICamera-DMFTDriver_1.0.0.11\AICamera-DMFTDriver_1.0.0.11 C:\Users\georg\AppData\Local\Temp\MateBookDriverZipExtract_cur9wwv4\HUAWEI Matebook X Pro Core Ultra Premium Edition_AICamera-DMFTDriver_1.0.0.11\HUAWEI Matebook X Pro Core Ultra Premium Edition_AICamera-DMFTDriver_1.0.0.11\HUAWEI Matebook X Pro Core Ultra Premium Edition_AICamera-DMFTDriver_1.0.0.11\AICamera-DMFTDriver_1.0.0.11.exe
2026-02-16 19:09:10,522 [INFO] Running command: D:\GitHub Projects\matebook-pro-usb-creator\tools\7zip-portable\7z.exe x -y -oC:\Users\georg\AppData\Local\Temp\MateBookDriverExeExtract_u_1jjvpn\exe_extracted\HUAWEI Matebook X Pro Core Ultra Premium Edition_DisplayServiceDriver_1.0.3.21\HUAWEI Matebook X Pro Core Ultra Premium Edition_DisplayServiceDriver_1.0.3.21\HUAWEI Matebook X Pro Core Ultra Premium Edition_DisplayServiceDriver_1.0.3.21\DisplayServiceDriver_1.0.3.21 C:\Users\georg\AppData\Local\Temp\MateBookDriverZipExtract_cur9wwv4\HUAWEI Matebook X Pro Core Ultra Premium Edition_DisplayServiceDriver_1.0.3.21\HUAWEI Matebook X Pro Core Ultra Premium Edition_DisplayServiceDriver_1.0.3.21\HUAWEI Matebook X Pro Core Ultra Premium Edition_DisplayServiceDriver_1.0.3.21\DisplayServiceDriver_1.0.3.21.exe
2026-02-16 19:09:11,971 [INFO] Command completed with exit code 0: D:\GitHub Projects\matebook-pro-usb-creator\tools\7zip-portable\7z.exe x -y -oC:\Users\georg\AppData\Local\Temp\MateBookDriverExeExtract_u_1jjvpn\exe_extracted\HUAWEI Matebook X Pro Core Ultra Premium Edition_DisplayServiceDriver_1.0.3.21\HUAWEI Matebook X Pro Core Ultra Premium Edition_DisplayServiceDriver_1.0.3.21\HUAWEI Matebook X Pro Core Ultra Premium Edition_DisplayServiceDriver_1.0.3.21\DisplayServiceDriver_1.0.3.21 C:\Users\georg\AppData\Local\Temp\MateBookDriverZipExtract_cur9wwv4\HUAWEI Matebook X Pro Core Ultra Premium Edition_DisplayServiceDriver_1.0.3.21\HUAWEI Matebook X Pro Core Ultra Premium Edition_DisplayServiceDriver_1.0.3.21\HUAWEI Matebook X Pro Core Ultra Premium Edition_DisplayServiceDriver_1.0.3.21\DisplayServiceDriver_1.0.3.21.exe
2026-02-16 19:09:11,974 [INFO] Running command: D:\GitHub Projects\matebook-pro-usb-creator\tools\7zip-portable\7z.exe x -y -oC:\Users\georg\AppData\Local\Temp\MateBookDriverExeExtract_u_1jjvpn\exe_extracted\HUAWEI_Matebook_X_Pro_Core_Ultra_Premium_Edition_BT_23.30.0.3\HUAWEI_Matebook_X_Pro_Core_Ultra_Premium_Edition_BT_23.30.0.3\HUAWEI_Matebook_X_Pro_Core_Ultra_Premium_Edition_BT_23.30.0.3\BT_23.30.0.3 C:\Users\georg\AppData\Local\Temp\MateBookDriverZipExtract_cur9wwv4\HUAWEI_Matebook_X_Pro_Core_Ultra_Premium_Edition_BT_23.30.0.3\HUAWEI_Matebook_X_Pro_Core_Ultra_Premium_Edition_BT_23.30.0.3\HUAWEI_Matebook_X_Pro_Core_Ultra_Premium_Edition_BT_23.30.0.3\BT_23.30.0.3.exe
2026-02-16 19:09:13,673 [INFO] Command completed with exit code 0: D:\GitHub Projects\matebook-pro-usb-creator\tools\7zip-portable\7z.exe x -y -oC:\Users\georg\AppData\Local\Temp\MateBookDriverExeExtract_u_1jjvpn\exe_extracted\HUAWEI_Matebook_X_Pro_Core_Ultra_Premium_Edition_BT_23.30.0.3\HUAWEI_Matebook_X_Pro_Core_Ultra_Premium_Edition_BT_23.30.0.3\HUAWEI_Matebook_X_Pro_Core_Ultra_Premium_Edition_BT_23.30.0.3\BT_23.30.0.3 C:\Users\georg\AppData\Local\Temp\MateBookDriverZipExtract_cur9wwv4\HUAWEI_Matebook_X_Pro_Core_Ultra_Premium_Edition_BT_23.30.0.3\HUAWEI_Matebook_X_Pro_Core_Ultra_Premium_Edition_BT_23.30.0.3\HUAWEI_Matebook_X_Pro_Core_Ultra_Premium_Edition_BT_23.30.0.3\BT_23.30.0.3.exe
2026-02-16 19:09:13,674 [INFO] Running command: D:\GitHub Projects\matebook-pro-usb-creator\tools\7zip-portable\7z.exe x -y -oC:\Users\georg\AppData\Local\Temp\MateBookDriverExeExtract_u_1jjvpn\exe_extracted\HUAWEI_Matebook_X_Pro_Core_Ultra_Premium_Edition_Camera_IPU6_64.22000.13.14550\HUAWEI_Matebook_X_Pro_Core_Ultra_Premium_Edition_Camera_IPU6_64.22000.13.14550\HUAWEI_Matebook_X_Pro_Core_Ultra_Premium_Edition_Camera_IPU6_64.22000.13.14550\Camera_IPU6_64.22000.13.14550 C:\Users\georg\AppData\Local\Temp\MateBookDriverZipExtract_cur9wwv4\HUAWEI_Matebook_X_Pro_Core_Ultra_Premium_Edition_Camera_IPU6_64.22000.13.14550\HUAWEI_Matebook_X_Pro_Core_Ultra_Premium_Edition_Camera_IPU6_64.22000.13.14550\HUAWEI_Matebook_X_Pro_Core_Ultra_Premium_Edition_Camera_IPU6_64.22000.13.14550\Camera_IPU6_64.22000.13.14550.exe
2026-02-16 19:09:15,858 [INFO] Command completed with exit code 0: D:\GitHub Projects\matebook-pro-usb-creator\tools\7zip-portable\7z.exe x -y -oC:\Users\georg\AppData\Local\Temp\MateBookDriverExeExtract_u_1jjvpn\exe_extracted\HUAWEI_Matebook_X_Pro_Core_Ultra_Premium_Edition_Camera_IPU6_64.22000.13.14550\HUAWEI_Matebook_X_Pro_Core_Ultra_Premium_Edition_Camera_IPU6_64.22000.13.14550\HUAWEI_Matebook_X_Pro_Core_Ultra_Premium_Edition_Camera_IPU6_64.22000.13.14550\Camera_IPU6_64.22000.13.14550 C:\Users\georg\AppData\Local\Temp\MateBookDriverZipExtract_cur9wwv4\HUAWEI_Matebook_X_Pro_Core_Ultra_Premium_Edition_Camera_IPU6_64.22000.13.14550\HUAWEI_Matebook_X_Pro_Core_Ultra_Premium_Edition_Camera_IPU6_64.22000.13.14550\HUAWEI_Matebook_X_Pro_Core_Ultra_Premium_Edition_Camera_IPU6_64.22000.13.14550\Camera_IPU6_64.22000.13.14550.exe
2026-02-16 19:09:15,860 [INFO] Running command: D:\GitHub Projects\matebook-pro-usb-creator\tools\7zip-portable\7z.exe x -y -oC:\Users\georg\AppData\Local\Temp\MateBookDriverExeExtract_u_1jjvpn\exe_extracted\HUAWEI_Matebook_X_Pro_Core_Ultra_Premium_Edition_DTT_1.0.11406.42226\HUAWEI_Matebook_X_Pro_Core_Ultra_Premium_Edition_DTT_1.0.11406.42226\HUAWEI_Matebook_X_Pro_Core_Ultra_Premium_Edition_DTT_1.0.11406.42226\DTT_1.0.11406.42226 C:\Users\georg\AppData\Local\Temp\MateBookDriverZipExtract_cur9wwv4\HUAWEI_Matebook_X_Pro_Core_Ultra_Premium_Edition_DTT_1.0.11406.42226\HUAWEI_Matebook_X_Pro_Core_Ultra_Premium_Edition_DTT_1.0.11406.42226\HUAWEI_Matebook_X_Pro_Core_Ultra_Premium_Edition_DTT_1.0.11406.42226\DTT_1.0.11406.42226.exe
2026-02-16 19:09:17,449 [INFO] Command completed with exit code 0: D:\GitHub Projects\matebook-pro-usb-creator\tools\7zip-portable\7z.exe x -y -oC:\Users\georg\AppData\Local\Temp\MateBookDriverExeExtract_u_1jjvpn\exe_extracted\HUAWEI_Matebook_X_Pro_Core_Ultra_Premium_Edition_DTT_1.0.11406.42226\HUAWEI_Matebook_X_Pro_Core_Ultra_Premium_Edition_DTT_1.0.11406.42226\HUAWEI_Matebook_X_Pro_Core_Ultra_Premium_Edition_DTT_1.0.11406.42226\DTT_1.0.11406.42226 C:\Users\georg\AppData\Local\Temp\MateBookDriverZipExtract_cur9wwv4\HUAWEI_Matebook_X_Pro_Core_Ultra_Premium_Edition_DTT_1.0.11406.42226\HUAWEI_Matebook_X_Pro_Core_Ultra_Premium_Edition_DTT_1.0.11406.42226\HUAWEI_Matebook_X_Pro_Core_Ultra_Premium_Edition_DTT_1.0.11406.42226\DTT_1.0.11406.42226.exe
2026-02-16 19:09:17,451 [INFO] Running command: D:\GitHub Projects\matebook-pro-usb-creator\tools\7zip-portable\7z.exe x -y -oC:\Users\georg\AppData\Local\Temp\MateBookDriverExeExtract_u_1jjvpn\exe_extracted\HUAWEI_Matebook_X_Pro_Core_Ultra_Premium_Edition_Graphics_31.0.101.5382\HUAWEI_Matebook_X_Pro_Core_Ultra_Premium_Edition_Graphics_31.0.101.5382\HUAWEI_Matebook_X_Pro_Core_Ultra_Premium_Edition_Graphics_31.0.101.5382\Graphics_31.0.101.5382 C:\Users\georg\AppData\Local\Temp\MateBookDriverZipExtract_cur9wwv4\HUAWEI_Matebook_X_Pro_Core_Ultra_Premium_Edition_Graphics_31.0.101.5382\HUAWEI_Matebook_X_Pro_Core_Ultra_Premium_Edition_Graphics_31.0.101.5382\HUAWEI_Matebook_X_Pro_Core_Ultra_Premium_Edition_Graphics_31.0.101.5382\Graphics_31.0.101.5382.exe
2026-02-16 19:09:27,780 [INFO] Command completed with exit code 0: D:\GitHub Projects\matebook-pro-usb-creator\tools\7zip-portable\7z.exe x -y -oC:\Users\georg\AppData\Local\Temp\MateBookDriverExeExtract_u_1jjvpn\exe_extracted\HUAWEI_Matebook_X_Pro_Core_Ultra_Premium_Edition_Graphics_31.0.101.5382\HUAWEI_Matebook_X_Pro_Core_Ultra_Premium_Edition_Graphics_31.0.101.5382\HUAWEI_Matebook_X_Pro_Core_Ultra_Premium_Edition_Graphics_31.0.101.5382\Graphics_31.0.101.5382 C:\Users\georg\AppData\Local\Temp\MateBookDriverZipExtract_cur9wwv4\HUAWEI_Matebook_X_Pro_Core_Ultra_Premium_Edition_Graphics_31.0.101.5382\HUAWEI_Matebook_X_Pro_Core_Ultra_Premium_Edition_Graphics_31.0.101.5382\HUAWEI_Matebook_X_Pro_Core_Ultra_Premium_Edition_Graphics_31.0.101.5382\Graphics_31.0.101.5382.exe
2026-02-16 19:09:27,781 [INFO] Running command: D:\GitHub Projects\matebook-pro-usb-creator\tools\7zip-portable\7z.exe x -y -oC:\Users\georg\AppData\Local\Temp\MateBookDriverExeExtract_u_1jjvpn\exe_extracted\HUAWEI_Matebook_X_Pro_Core_Ultra_Premium_Edition_ISST_20.40.10495.4\HUAWEI_Matebook_X_Pro_Core_Ultra_Premium_Edition_ISST_20.40.10495.4\HUAWEI_Matebook_X_Pro_Core_Ultra_Premium_Edition_ISST_20.40.10495.4\ISST_20.40.10495.4 C:\Users\georg\AppData\Local\Temp\MateBookDriverZipExtract_cur9wwv4\HUAWEI_Matebook_X_Pro_Core_Ultra_Premium_Edition_ISST_20.40.10495.4\HUAWEI_Matebook_X_Pro_Core_Ultra_Premium_Edition_ISST_20.40.10495.4\HUAWEI_Matebook_X_Pro_Core_Ultra_Premium_Edition_ISST_20.40.10495.4\ISST_20.40.10495.4.exe
2026-02-16 19:09:29,349 [INFO] Command completed with exit code 0: D:\GitHub Projects\matebook-pro-usb-creator\tools\7zip-portable\7z.exe x -y -oC:\Users\georg\AppData\Local\Temp\MateBookDriverExeExtract_u_1jjvpn\exe_extracted\HUAWEI_Matebook_X_Pro_Core_Ultra_Premium_Edition_ISST_20.40.10495.4\HUAWEI_Matebook_X_Pro_Core_Ultra_Premium_Edition_ISST_20.40.10495.4\HUAWEI_Matebook_X_Pro_Core_Ultra_Premium_Edition_ISST_20.40.10495.4\ISST_20.40.10495.4 C:\Users\georg\AppData\Local\Temp\MateBookDriverZipExtract_cur9wwv4\HUAWEI_Matebook_X_Pro_Core_Ultra_Premium_Edition_ISST_20.40.10495.4\HUAWEI_Matebook_X_Pro_Core_Ultra_Premium_Edition_ISST_20.40.10495.4\HUAWEI_Matebook_X_Pro_Core_Ultra_Premium_Edition_ISST_20.40.10495.4\ISST_20.40.10495.4.exe
2026-02-16 19:09:29,351 [INFO] Running command: D:\GitHub Projects\matebook-pro-usb-creator\tools\7zip-portable\7z.exe x -y -oC:\Users\georg\AppData\Local\Temp\MateBookDriverExeExtract_u_1jjvpn\exe_extracted\HUAWEI_Matebook_X_Pro_Core_Ultra_Premium_Edition_ME_2345.5.3.0\HUAWEI_Matebook_X_Pro_Core_Ultra_Premium_Edition_ME_2345.5.3.0\HUAWEI_Matebook_X_Pro_Core_Ultra_Premium_Edition_ME_2345.5.3.0\ME_2345.5.3.0 C:\Users\georg\AppData\Local\Temp\MateBookDriverZipExtract_cur9wwv4\HUAWEI_Matebook_X_Pro_Core_Ultra_Premium_Edition_ME_2345.5.3.0\HUAWEI_Matebook_X_Pro_Core_Ultra_Premium_Edition_ME_2345.5.3.0\HUAWEI_Matebook_X_Pro_Core_Ultra_Premium_Edition_ME_2345.5.3.0\ME_2345.5.3.0.exe
2026-02-16 19:09:30,529 [INFO] Command completed with exit code 0: D:\GitHub Projects\matebook-pro-usb-creator\tools\7zip-portable\7z.exe x -y -oC:\Users\georg\AppData\Local\Temp\MateBookDriverExeExtract_u_1jjvpn\exe_extracted\HUAWEI_Matebook_X_Pro_Core_Ultra_Premium_Edition_ME_2345.5.3.0\HUAWEI_Matebook_X_Pro_Core_Ultra_Premium_Edition_ME_2345.5.3.0\HUAWEI_Matebook_X_Pro_Core_Ultra_Premium_Edition_ME_2345.5.3.0\ME_2345.5.3.0 C:\Users\georg\AppData\Local\Temp\MateBookDriverZipExtract_cur9wwv4\HUAWEI_Matebook_X_Pro_Core_Ultra_Premium_Edition_ME_2345.5.3.0\HUAWEI_Matebook_X_Pro_Core_Ultra_Premium_Edition_ME_2345.5.3.0\HUAWEI_Matebook_X_Pro_Core_Ultra_Premium_Edition_ME_2345.5.3.0\ME_2345.5.3.0.exe
2026-02-16 19:09:30,532 [INFO] Running command: D:\GitHub Projects\matebook-pro-usb-creator\tools\7zip-portable\7z.exe x -y -oC:\Users\georg\AppData\Local\Temp\MateBookDriverExeExtract_u_1jjvpn\exe_extracted\HUAWEI_Matebook_X_Pro_Core_Ultra_Premium_Edition_Monitor_23.12.14.1\HUAWEI_Matebook_X_Pro_Core_Ultra_Premium_Edition_Monitor_23.12.14.1\HUAWEI_Matebook_X_Pro_Core_Ultra_Premium_Edition_Monitor_23.12.14.1\Monitor_23.12.14.1 C:\Users\georg\AppData\Local\Temp\MateBookDriverZipExtract_cur9wwv4\HUAWEI_Matebook_X_Pro_Core_Ultra_Premium_Edition_Monitor_23.12.14.1\HUAWEI_Matebook_X_Pro_Core_Ultra_Premium_Edition_Monitor_23.12.14.1\HUAWEI_Matebook_X_Pro_Core_Ultra_Premium_Edition_Monitor_23.12.14.1\Monitor_23.12.14.1.exe
2026-02-16 19:09:31,085 [INFO] Command completed with exit code 0: D:\GitHub Projects\matebook-pro-usb-creator\tools\7zip-portable\7z.exe x -y -oC:\Users\georg\AppData\Local\Temp\MateBookDriverExeExtract_u_1jjvpn\exe_extracted\HUAWEI_Matebook_X_Pro_Core_Ultra_Premium_Edition_Monitor_23.12.14.1\HUAWEI_Matebook_X_Pro_Core_Ultra_Premium_Edition_Monitor_23.12.14.1\HUAWEI_Matebook_X_Pro_Core_Ultra_Premium_Edition_Monitor_23.12.14.1\Monitor_23.12.14.1 C:\Users\georg\AppData\Local\Temp\MateBookDriverZipExtract_cur9wwv4\HUAWEI_Matebook_X_Pro_Core_Ultra_Premium_Edition_Monitor_23.12.14.1\HUAWEI_Matebook_X_Pro_Core_Ultra_Premium_Edition_Monitor_23.12.14.1\HUAWEI_Matebook_X_Pro_Core_Ultra_Premium_Edition_Monitor_23.12.14.1\Monitor_23.12.14.1.exe
2026-02-16 19:09:31,086 [INFO] Running command: D:\GitHub Projects\matebook-pro-usb-creator\tools\7zip-portable\7z.exe x -y -oC:\Users\georg\AppData\Local\Temp\MateBookDriverExeExtract_u_1jjvpn\exe_extracted\HUAWEI_Matebook_X_Pro_Core_Ultra_Premium_Edition_NPU_31.0.100.2016\HUAWEI_Matebook_X_Pro_Core_Ultra_Premium_Edition_NPU_31.0.100.2016\HUAWEI_Matebook_X_Pro_Core_Ultra_Premium_Edition_NPU_31.0.100.2016\NPU_31.0.100.2016 C:\Users\georg\AppData\Local\Temp\MateBookDriverZipExtract_cur9wwv4\HUAWEI_Matebook_X_Pro_Core_Ultra_Premium_Edition_NPU_31.0.100.2016\HUAWEI_Matebook_X_Pro_Core_Ultra_Premium_Edition_NPU_31.0.100.2016\HUAWEI_Matebook_X_Pro_Core_Ultra_Premium_Edition_NPU_31.0.100.2016\NPU_31.0.100.2016.exe
2026-02-16 19:09:34,087 [INFO] Command completed with exit code 0: D:\GitHub Projects\matebook-pro-usb-creator\tools\7zip-portable\7z.exe x -y -oC:\Users\georg\AppData\Local\Temp\MateBookDriverExeExtract_u_1jjvpn\exe_extracted\HUAWEI_Matebook_X_Pro_Core_Ultra_Premium_Edition_NPU_31.0.100.2016\HUAWEI_Matebook_X_Pro_Core_Ultra_Premium_Edition_NPU_31.0.100.2016\HUAWEI_Matebook_X_Pro_Core_Ultra_Premium_Edition_NPU_31.0.100.2016\NPU_31.0.100.2016 C:\Users\georg\AppData\Local\Temp\MateBookDriverZipExtract_cur9wwv4\HUAWEI_Matebook_X_Pro_Core_Ultra_Premium_Edition_NPU_31.0.100.2016\HUAWEI_Matebook_X_Pro_Core_Ultra_Premium_Edition_NPU_31.0.100.2016\HUAWEI_Matebook_X_Pro_Core_Ultra_Premium_Edition_NPU_31.0.100.2016\NPU_31.0.100.2016.exe
2026-02-16 19:09:34,090 [INFO] Running command: D:\GitHub Projects\matebook-pro-usb-creator\tools\7zip-portable\7z.exe x -y -oC:\Users\georg\AppData\Local\Temp\MateBookDriverExeExtract_u_1jjvpn\exe_extracted\HUAWEI_Matebook_X_Pro_Core_Ultra_Premium_Edition_SenaryAudio_3.49.1.9\HUAWEI_Matebook_X_Pro_Core_Ultra_Premium_Edition_SenaryAudio_3.49.1.9\HUAWEI_Matebook_X_Pro_Core_Ultra_Premium_Edition_SenaryAudio_3.49.1.9\SenaryAudio_3.49.1.9 C:\Users\georg\AppData\Local\Temp\MateBookDriverZipExtract_cur9wwv4\HUAWEI_Matebook_X_Pro_Core_Ultra_Premium_Edition_SenaryAudio_3.49.1.9\HUAWEI_Matebook_X_Pro_Core_Ultra_Premium_Edition_SenaryAudio_3.49.1.9\HUAWEI_Matebook_X_Pro_Core_Ultra_Premium_Edition_SenaryAudio_3.49.1.9\SenaryAudio_3.49.1.9.exe
